Unnamed: 0,GENERAL,Unnamed: 2,General Notes ,Unnamed: 4,Unnamed: 5,GSP Information,Answer,Unnamed: 8,Unnamed: 9,Unnamed: 10
,,,"1-Short and poorly done ISW and GDE sections.
2-They do a good job in evaluation different WQ parameters however they set MT and MO in higher levels than MCL in some locations based on their historical records. (Sara)
3- This basin had the shortest Projects and management actions sections, just two proposed projects and two supplemental projects and not thorough.(Sara)
4. The GSP is more inclusive of DACs within their plan than most GSP reviewed until now, they could work on being more clear about impacts to DACs but most importantly releasing their Stakeholder Communication & Engagement Plan (referened as Appendix P) which they have not done so.  The plan has no Tribes or Tribal lands listed. 
5. The GSP only uses one climate change scenario (2070 central tendency) and assumes no change to surface water deliveries under climate change, but they appear to do a decent job of incorporating the estimates from the projected water budget with climate change into SMCs and PMAs (but they also don't have a sustainable yield with climate change)",,,GSP ID,13,,,
,,,,,,GSA Name,Tracy GSAs,,,
,,,,,,Subbasin Name,SAN JOAQUIN VALLEY - TRACY,,,
,,,,,,Consultant,GEI Consultants,,,
,,,,,,GSP version,Draft,,,
,,,,,,Acreage of GDEs per basin,13198,,,
,,,,,,DAC Population,7751,,,
,,,,,,Tribal population,0,Answer NA if Tribal Population is 0 and there is no mention of tribes described in the GSP.  Answer all Tribal related questions even if tribal populations are 0 and the GSP mentions tribes in the basin.,,
,,,,,,Coder Name,Becky,,,
,GSP Plan Element,,Topic,Level,Criteria,Key Search Terms,Answer,Relevant Text from GSP,GSP Page / Section,Notes
Martha,PLAN AREA,,DACs,1,"Does the GSP document how DAC stakeholders were given opportunities to engage in the GSP development process? If so, please describe the level of engagement (e.g., whether stakeholders were on an advisory committee, GSA board, working group) in the Notes. Answer according to level of engagement: Yes = Involve, Collaborate, Empower; Somewhat = Inform and Consult; No = No mention of engagement. ","Disadvantaged Communit*, DAC, stakeholder, beneficial user",Yes,"This GSP was developed with input from the public. The GSAs reached out to the public by developing  a website and a list interested parties. The GSAs sought input from the stakeholders by notifying them of  the status via newsletters (both English and Spanish) and direct mailer post cards. The GSAs developed  information materials and held at over 40 public meetings (both at board and city councils and monthly technical committee meeting), workshops, and contact by trusted messengers to connect with hard-to- reach stakeholder groups. 
The public had opportunities to comment directly on this GSP during individual releases of draft chapters  followed by another opportunity to comment on the Public Draft GSP. If a comment was specific to an individual section of the GSP, the GSP text was revised. General comments that raised substantial technical or policy issues may have resulted changes to multiple GSP sections. Comments that were general in nature or that did raise substantial issues were noted, but no changes were made.
&&
A description of the beneficial uses and users of groundwater in the basin, including the land uses and  property interests potentially affected by the use of groundwater in the basin, the types of parties representing those interests and the nature of consultation with those parties. 
Beneficial users and uses of groundwater were identified and engaged by the GSAs based on the place-  and interest-based categories described in SGMA and codified in Water Code Section 10723.2:
Disadvantaged communities, including, but not limited to, those served by private domestic  wells or small community water systems
Beneficial users and uses representing these categories and nature of consultation with these users are further described below and identified in Table 11-1.
&&
The GSAs conducted variety of outreach activities to provide opportunities for interested parties and stakeholders to stay informed and engaged in the development of the GSP. These activities sought to build public awareness of the GSAs and SGMA and to actively engage key stakeholder groups to coordinate and collaborate on technical issues important for GSP development. Outreach activities included:  Public Meetings: The primary way for members of the public to provide input on development of the GSP was by attending and providing public comment at regular GSP Coordination Committee and Technical Committee meetings. In addition, GSA representatives and consultant staff conducted periodic presentations at public meetings of the GSA governing bodies and organizations and agencies representing beneficial users in the Subbasin. These meetings are described in more detail in Chapter 11.4 – List of Public Meetings. 
 GSP Development Workshops: In support of GSP development, the GSAs hosted public workshops aimed at informing members of the public about key GSP topics and to solicit input on technical content and draft GSP chapters. These workshops are described in more detail about Chapter 11.4.2 – Public Workshops. 
 Partnerships with Trusted Messengers: The Subbasin GSAs utilized partnerships with trusted messengers in the Subbasin to broaden the dissemination of SGMA information and connect with hard-to-reach stakeholder groups. This included disseminating information through the Mountain House Community Services District, San Joaquin Farm Bureau Federation, Sikhs of Tracy, and Stockton East Water District.","ES-10
11-1, 11-2
Table 11-1 in Page 11-3
11-8","GSP documents how different stakeholders were given the opportunity to engage in GSP development. The table cited here docuemnts how DAc were engaged including being a part of the GSPCoordination meetings and public workshops hosted by the GSA committee. Access to GSP development was also accessible for spanish speaking commmunities 
Level of Engagement = Involve"
Martha,,,Tribes,1,"Does the GSP document how tribal stakeholders were given opportunities to engage in the GSP development process? If so, please describe the level of engagement (e.g., whether stakeholders were on an advisory committee, GSA board, working group) in the Notes. Answer according to level of engagement: Yes = Involve, Collaborate, Empower; Somewhat = Inform and Consult; No = No mention of engagement. ","Tribal, tribe, stakeholder, beneficial user",Not Applicable,"3.3.3 California Native American Tribes
There are no tribal lands within the Subbain. 

A description of the beneficial uses and users of groundwater in the basin, including the land uses and  property interests potentially affected by the use of groundwater in the basin, the types of parties representing those interests and the nature of consultation with those parties. 
Beneficial users and uses of groundwater were identified and engaged by the GSAs based on the place-  and interest-based categories described in SGMA and codified in Water Code Section 10723.2:
California Native American Tribes

11.2.9 California Native American Tribes
There are no California Native American Tribes with tribal lands loacted within the Subbasin. ","3-4
11-1 and 11-2
11-6",GSP documents several times that there are no California Native American Tribes within the subbasin. 
Martha,,,Ecosystems,1,"Does the GSP document how environmental stakeholders were given opportunities to engage in the GSP development process? If so, please describe the level of engagement (e.g., whether stakeholders were on an advisory committee, GSA board, working group) in the Notes. Answer according to level of engagement: Yes = Involve, Collaborate, Empower; Somewhat = Inform and Consult; No = No mention of engagement. ","environment, stakeholder, environmental beneficial user",Yes,"A description of the beneficial uses and users of groundwater in the basin, including the land uses and  property interests potentially affected by the use of groundwater in the basin, the types of parties representing those interests and the nature of consultation with those parties. 
Beneficial users and uses of groundwater were identified and engaged by the GSAs based on the place-  and interest-based categories described in SGMA and codified in Water Code Section 10723.2:
Environmental users of groundwater
Surface water users, if there is a hydrologic connection between surface water bodies and groundwater
Beneficial users and uses representing these categories and nature of consultation with these users are further described below and identified in Table 11-1.
&&
Organizations representing environmental and ecosystem interests in Subbasin include the CDFW, California Sportfishing Protection Alliance, and TNC. Representatives from the California Sportfishing Protection Alliance and TNC are included in the Interested Parties Database. Representatives from organizations representing environmental uses of groundwater were provided the opportunity to participate in monthly meetings and public workshops and provide comment on draft GSP chapters.

&&

The GSAs conducted variety of outreach activities to provide opportunities for interested parties and stakeholders to stay informed and engaged in the development of the GSP. These activities sought to build public awareness of the GSAs and SGMA and to actively engage key stakeholder groups to coordinate and collaborate on technical issues important for GSP development. Outreach activities included:  Public Meetings: The primary way for members of the public to provide input on development of the GSP was by attending and providing public comment at regular GSP Coordination Committee and Technical Committee meetings. In addition, GSA representatives and consultant staff conducted periodic presentations at public meetings of the GSA governing bodies and organizations and agencies representing beneficial users in the Subbasin. These meetings are described in more detail in Chapter 11.4 – List of Public Meetings. 
 GSP Development Workshops: In support of GSP development, the GSAs hosted public workshops aimed at informing members of the public about key GSP topics and to solicit input on technical content and draft GSP chapters. These workshops are described in more detail about Chapter 11.4.2 – Public Workshops. 
 Partnerships with Trusted Messengers: The Subbasin GSAs utilized partnerships with trusted messengers in the Subbasin to broaden the dissemination of SGMA information and connect with hard-to-reach stakeholder groups. This included disseminating information through the Mountain House Community Services District, San Joaquin Farm Bureau Federation, Sikhs of Tracy, and Stockton East Water District.","11-2 and 11-2
Table 11-1
11-5
11-8","Table 11-1 identifies thrree stakeholders listed under Environmental Users of Groundwater including California Department of Fish and Wildlife, California Sportfishing Protection Alliance, and The Nature Conservacy and documents that they were given the opportunity to engage through workshops, access to public omments, and the ability to participate in monthly meetings. 

Level of Engagement = Involve"
Martha,,,DACs,2,"Does the Stakeholder Communication and Engagement Plan or GSP include outreach to DACs during GSP implementation? If so, please describe the level of engagement in the Notes. Answer according to level of engagement: Yes = Involve, Collaborate, Empower; Somewhat = Inform and Consult; No = No mention of engagement.","Disadvantaged Communit*, DAC, stakeholder, beneficial user",Somewhat,"
Outreach Tools:The GSAs used several tools to support communication and engagement activities with stakeholders in the Subbasin. These tools include the following: 
 Subbasin Website: The Subbasin website (tracysubbasin.org) is the primary location for beneficial users and interested parties to stay informed about GSP development and opportunities for engagement. The website serves a repository for public workshop and meeting materials,  outreach collateral, draft and final GSP chapters and appendices, and other key documents. During GSP development, members of the public could review and provide comments on draft GSP 4616 chapters using a virtual public comment form. The public comment process is described further in Chapter 11.5 – GSP Comments and Responses. 
 Interested Parties Database: Pursuant to the requirements of SGMA, the GSAs developed and maintained an Interested Parties Database (Database). Beneficial users and members of the public can self-subscribe to the Database by signing up on the Tracy Subbasin website. The Database is used to notify beneficial users of public meetings and workshops, opportunities for public comment, and other GSA outreach actions. It is also used to distribute meeting agendas and other  key materials. 
 Newsletter: The GSAs distributed a biannual electronic newsletter to keep interested parties informed about GSP development, opportunities for public engagement, and groundwater management issues or news of regional importance. The newsletter was distributed to the  Interested Parties Database and copies are housed on the Subbasin website. 
 Informational Materials: The GSAs developed a suite of materials aimed at informing interested parties about topics related to SGMA and GSP development. These materials include a fact sheet,  frequently asked questions, and recorded presentations on SGMA and sustainable management  criteria.",2021-11-07 00:00:00,The GSP documents stakeholder outreach which included several tools of communication  and other engagement activities. This would be a somwehat since they are broad in their stakeholder language and listed DAC as stakeholders previously. 
Martha,,,Tribes,2,"Does the Stakeholder Communication and Engagement Plan or GSP include outreach to tribes during GSP implementation? If so, please describe the level of engagement (e.g., whether stakeholders were on an advisory committee, GSA board, working group) in the Notes. Answer according to level of engagement: Yes = Involve, Collaborate, Empower; Somewhat = Inform and Consult; No = No mention of engagement.","Tribal, tribe, stakeholder, beneficial user",Not Applicable,,,
Martha,,,Ecosystems,2,"Does the Stakeholder Communication and Engagement Plan or GSP include outreach to environmental stakeholders during GSP implementation? If so, please describe the level of engagement in the Notes. Answer according to level of engagement: Yes = Involve, Collaborate, Empower; Somewhat = Inform and Consult; No = No mention of engagement.","environment, stakeholder, environmental beneficial user",Somewhat,"
Outreach Tools:The GSAs used several tools to support communication and engagement activities with stakeholders in the Subbasin. These tools include the following: 
 Subbasin Website: The Subbasin website (tracysubbasin.org) is the primary location for beneficial users and interested parties to stay informed about GSP development and opportunities for engagement. The website serves a repository for public workshop and meeting materials,  outreach collateral, draft and final GSP chapters and appendices, and other key documents. During GSP development, members of the public could review and provide comments on draft GSP 4616 chapters using a virtual public comment form. The public comment process is described further in Chapter 11.5 – GSP Comments and Responses. 
 Interested Parties Database: Pursuant to the requirements of SGMA, the GSAs developed and maintained an Interested Parties Database (Database). Beneficial users and members of the public can self-subscribe to the Database by signing up on the Tracy Subbasin website. The Database is used to notify beneficial users of public meetings and workshops, opportunities for public comment, and other GSA outreach actions. It is also used to distribute meeting agendas and other  key materials. 
 Newsletter: The GSAs distributed a biannual electronic newsletter to keep interested parties informed about GSP development, opportunities for public engagement, and groundwater management issues or news of regional importance. The newsletter was distributed to the  Interested Parties Database and copies are housed on the Subbasin website. 
 Informational Materials: The GSAs developed a suite of materials aimed at informing interested parties about topics related to SGMA and GSP development. These materials include a fact sheet,  frequently asked questions, and recorded presentations on SGMA and sustainable management  criteria.",,The GSP documents stakeholder outreach which included several tools of communication  and other engagement activities. This would be a somwehat since they are broad in their stakeholder language and listed environmetal users as stakeholders previously. 
Martha,,,All,2,Does the GSP include a Stakeholder Communication and Engagement Plan?,"Stakeholder community and engagement plan, beneficial user",No,"The GSAs utilized a variety of tools and activities to encourage the active involvement of diverse social, cultural, and economic elements of the population within the Subbasin. These activities were guided by the Tracy Subbasin Communication and Engagement Plan, which is provided in Appendix P. The activities identified in the Communication and Engagement Plan were adapted in accordance with state and local social distancing requirements resulting from the COVID-19 pandemic.","11-7
Appendix P","GSP documents there is a Public Outreach Plan and directly reference Appendix P, however Appendix P is not completed and the page reads""To be Completed"""
Martha,,,DACs,1,"Does the GSP identify each DAC by name and location on a map? Please indicate in the Notes whether DAC places, tracks, or block data were used.","Disadvantaged Communit*, DAC",Yes,DACs and Severely Disadvantaged Communities (SDACs) are present in the Subbasin (DWR 2018). Figure 3-9 show their locations. Most are located within rural areas of the Delta as well as some along the San Joaquin River in the non-Delta areas. Some are located within the cities of Lathrop and Tracy where municipal water service is available.,"3-17
Figure 3-9
Table 11-1","GSP provides a map of DAC and SDAC locations (Figure 3-17), and provides Table 11-1 which identifies DACs by census tracts. "
Martha,,,Tribes,1,Are tribal lands identified and mapped in the basin?,"tribal, tribe",Not Applicable,,,
Martha,,,DACs,2,Does the GSP describe the size of the population in each DAC?,"Disadvantaged Communit*, DAC, population",No,,,GSP does not identify population size or any estimates of population of DACs
Martha,,,DACs,2,Does the GSP map the location of all domestic wells by location and by depth?,domestic well,Yes,Rural area residents typically have domestic wells and rely upon groundwater (De minimis extractor). Domestic well use of groundwater is not shown on Figure 3-10 but the general distribution across the Subbasin is shown on Figure 3-13.,"3-22
Figure 3-14
",Figure 3-14 shows the minimum depth of domestic wells per mile and provides an opporimate location of the wells around the basin. 
Martha,,,DACs,2,Does the GSP map the density of domestic wells in the basin?,domestic well,Yes,Figure 3-13. Density of Domestic Wells Per Square Mile,Figure 3-13,Figure 3-13 shows the density of domestic wells per mile within the basin and within the same map outlines the DAc and SDAC locations in red. 
Sara,,,All,,"In the Basin Setting (Groundwater Conditions - Water Quality) section of the GSP, are water quality contaminants or constituents of concern (e.g., Nitrates; Arsenic, Uranium; DBCP; 1,2,3-TCP; Chromium-6; Perchlorate; Particulate Organic Carbon (POC); Brackish water (TDS; salts)) identified and mapped (distribution or contaminant plumes) within the plan area? In the Notes, please specify which contaminants or constituents of concern are present in the basin, and whether (distribution or contaminent plume) maps and trends were provided for each. Answer Yes =  contaminants are identified, mapped, and spatial trends described in the text; Somewhat = contaminants are identified and/or mapped, but not all spatial trends of contaminants are provided; No = No contaminants are / are not identified and mapped, and no spatial trends of contaminants are provided.","Nitrate; Arsenic, Uranium; DBCP; 1,2,3-TCP; Chromium-6; Perchlorate; Particulate Organic Carbon (POC); Brackish water; constituents of concern (COC); water quality; Contaminants",Yes,"Problem constituents (constituents of concern [COCs]) include: • In the non-Delta portion of the Subbasin (generally south of the Old River) TDS, nitrates, boron, chloride, and sulfate (GEI 2007). In addition to these constituents, localized areas of manmade  contamination, including trihalomethanes, volatile organic compounds (solvents), and gasoline are  present. In the City of Lathrop, uranium and PFASs are present in the groundwater above their MCLs. 2090 • In the Delta portions of the Subbasin (generally north of the Old River), the key COCs are  dissolved organic carbon, methyl mercury, and salts which originate from the oxidation of drained peat soils (Hydrofocus 2015). • Domestic wells are present in both Delta and non-Delta regions of the Subbasin. Water quality test  results from domestic wells are very limited. Where public supply well water quality data is available it can be used as a proxy for domestic well water quality, but most domestic wells obtain water from shallow aquifers while public supply wells are typically constructed into deeper aquifers. Approximately 25 percent of domestic wells may have water quality risks for one or more constituents with an MCL. Four constituents (arsenic, 1,2,3- TCP, nitrate, and gross alpha 2099 [radioactive elements]) account for 80 percent of elevated water quality risk (State Water Board SAFER Workshop 2020). Tracy Subbasin Groundwater Sustainability Plan Chapter 5 5-36 PUBLIC DRAFT Testing for EDB, DBCP, and simazine in the Subbasin have been at less than detectable levels, except  near the former Occidental Chemical site, based on Geotracker database 2009 through 2013 (Hydrofocus 2103 2015). No further assessment for pesticides was performed during GSP development, other than for 1,2,3  TCP
Figures 5-20 through 5-28 show the most recent analyses and distribution of these elements in the Subbasin by principal aquifer. Where multiple nested wells are present at a single location, only the  shallowest well water quality is shown. The most recent analysis was extracted from the datasets for each well to demonstrate current conditions. The analyses dates range from 1944 to 2020. Appendix H provides a detailed list of the water quality analyses and wells used to create the figures. The figures show:   Salinity as represented by TDS (Figure 5-20) is high in both the Upper and Lower aquifers with a few areas with good quality water.  Elevated concentrations of chloride (Figure 5-21) and sulfate (Figure 5-22) are present in the  Upper aquifer but do not show a distinct pattern. Chloride and sulfate concentrations in the Lower aquifer are quite variable. Chloride concentrations are for the most part all low except for one deep nested monitoring well located on the east side of Tracy (not shown on Figure 5-20) where the most recent concentration is 460 mg/L. Elevated concentrations of sulfate are present near the foothills potentially as a results of recharge water originating from the Coast Ranges. Nitrate (Figure 5-23) concentrations are low in the basin and other than a few wells, nitrate does not appear to be adversely impacting water quality. Elevated concentrations of arsenic (Figure 5-24) are only in the Upper aquifer and within the Delta area and not in the Lower aquifer. Boron (Figure 5-25) is present in the Upper aquifer. Most elevated concentrations are present in the non-Delta areas and in the northern portions of the Delta area.  Elevated concentrations of iron and manganese (Figures 5-26 and 5-27) are found randomly in the Subbasin in both aquifers. Elevated concentrations of manganese appear to be more prevalent  in the Upper aquifer in the Delta area.  1,2,3 TCP (Figure 5-28) was detected in both the Upper and Lower aquifers, but at concentrations  below the MCL.","Page 5-35 / 5.6.1
figure 5-20 thru 5-28
Table 5-1
Appendix H","They have listed the COC's spatially and temporally since. Table 5-1 summerizes the data gathered In appendix H; they have dated sampling date clearly with latitude and longitude of the sampling location. 
COC's: TDS, chloride, sulfate, Nitrate, 1,2,3 TCP are high but lower than MCL, arsenic, boron, (Iron and manganese are found randomly at high levels?!)"
Martha,,,DACs,2,"Does the GSP identify the sources of water for DACs (e.g., what percentage is supplied by groundwater?","Disadvantaged Communit*, DAC",Yes, ,"3-8
3-22
Figure 3-10","GSP identifies water sources for DAC specifically and in another section they identify the sources of water throughout the basin through using a map (Figure 3-10) and discuss the water supply of urban and rural residents which could include DAC communities,. When comparing the DAC location map(Figure 3-9) with the map that describes water sources (Figure 3-10), it shows most DACs revieve surface water supply from municipal systems or smaller local systems, a small potion of DAC rely on a mixture of sruface and groundwater. "
Becky,BASIN SETTING,Interconnected Surface Waters (ISW),Environment,1,"Are gaining and losing reaches adequately assessed spatially and temporally (e.g., groundwater levels (from proximate wells to streams and sufficient density of wells along streams) compared with stream elevation; numerical modelling)? If so, please describe the approach used in the Notes. ","Interconnected surface water, ISW, gaining, losing",Somewhat,"Interconnected surface water refers to surface water that is hydraulically connected at any point by acontinuous saturated zone to the underlying aquifer and the overlying surface water is not completely depleted (CCR 2014). The groundwater elevation map for the Upper aquifer provides an initial indication of whether the rivers and creeks are interconnected or disconnected in the Tracy Subbasin. For purposes of this GSP the rivers and creeks were assumed to be interconnected to the aquifers when the depth to water is less than 20 feet bgs. Delta Area: In general, surface water and groundwater are interconnected along the San Joaquin and Old rivers, channels, and within the Delta islands portion of the Tracy Subbasin. Monitoring wells were constructed in the Subbasin at various locations along the rivers and creeks. The monitoring wells may be used with river gage stations to evaluate the interconnectedness of surface water and groundwater from a groundwater-level aspect. Figure 5-41 shows the locations of these monitoring wells that are close to surface water gaging stations. Appendix K contains the hydrographs from the wells along with surface water elevations. These monitoring wells prove the relationship that, when the depth to water is less than 20 feet of ground surface, the surface water can be inferred to be interconnected to the Upper aquifer. Non-Delta Area: As discussed in Chapter 4 – Hydrogeologic Conceptual Model, the non-Delta area of the Subbasin are the lands south of the Old River and Tom Paine Slough, where ground surface is higher in elevation and groundwater surface elevations are lower. The creeks in these areas are perennial, not flowing year-round,and therefore the surface water in this area is not considered to be interconnected to groundwater.",Page 5-72 / 5.9 && Figure 5-40,"Very short and vague analysis. No model used directly for ISWs (a model is used in the water budget section to predict future surace water depletion). Groundwater elevations in comparison to stream elevations used to spatially assess ISWs. Surface water was considered connected if depth to groundwater near stream was less than 20 feet. Figure 5-40 shows where coupled surface water and groundwater was monitored (only 5 locations). The figure does not highlight surface water at all, and does not describe gaining or losing reaches. The hydrographs have various temporal scales, but no discussion of temporal interconnection. Non-delta portion of basin was not assessed because of perennial flow - this is a mistake as there could still be ISWs for portions of the year. Only data from center of basin used and no information on well screening depth, which is important since the plan claims there are two principle aquifers in portions of the basin."
Becky,,,Environment,1,"Are the conclusions of ISWs (e.g., no ISWs, some gaining/losing/disconnected) consistent with the assessment? Please describe details in the Notes.","Interconnected surface water, ISW, gaining, losing",No," In general, surface water and groundwater are interconnected along the San Joaquin and Old rivers, channels, and within the Delta islands portion of the Tracy Subbasin. Monitoring wells were constructed in the Subbasin at various locations along the rivers and creeks. &&  As discussed in Chapter 4 – Hydrogeologic Conceptual Model, the non-Delta area of the Subbasin are the lands south of the Old River and Tom Paine Slough, where ground surface is higher in elevation and groundwater surface elevations are lower. The creeks in these areas are perennial, not flowing year-round,and therefore the surface water in this area is not considered to be interconnected to groundwater.",Page 5-72 / 5.9 && Figure 5-40,"Conclusion that delta area is interconnected ""in general"", but no details on gaining or losing. Lack of data to make any claims. No aerial photographs or supporting data used. The non-delta area is dismissed and said to be not connected but there is no data to back this up."
Becky,,,Environment,1,"Are all shallow principal aquifers acknowledged in defining ISW? Note: if there is only one unconfined aquifer in the basin, consider this aquifer as the shallow aquifer.","principal aquifer, shallow ",Somewhat,For purposes of this GSP the rivers and creeks were assumed to be interconnected to the aquifers when the depth to water is less than 20 feet bgs.,Page 5-72 / 5.9 ,"""the aquifers"" are mentioned, and groundwater elevations are used, but no clear description of each principal aquifer"
Becky,,,Environment,2,Were data gaps identified when mapping ISWs?,"Interconnected surface water, ISW",Yes,"Groundwater conditions in the Tracy Subbasin have been investigated and documented since the early  20th century and through the present. Data collection may be improved with the following monitoring network enhancements: • Construction of monitoring wells screened in the Lower aquifer near the west side of the Subbasin  will confirm the presence of the Corcoran Clay and provide additional groundwater level control  in this area.  • Purchase and installation of transducers into monitoring wells 03S06E22H001M,   01S05E31R0002M and ORL-1W to improve the correlation of groundwater to surface water.  Currently, groundwater levels in monitoring wells near gaging stations are only being measured  semi-annually whereas surface water gages are monitored every 15 minutes. The difference in  frequency makes it difficult to correlate groundwater and surface water data which is necessary  for assessment of surface water depletion.",Page 5-78 / 5.11,Data gaps identified in section immediately following ISWs and GDEs
Becky,,,Environment,2,"In the case of data gaps and uncertainty, were streams mapped and described as potential ISWs in the GSP? If ISWs are adequately mapped and there is no uncertainty in the ISW mapping, then select ""Not Applicable"".","Interconnected surface water, ISW, data gap",No,,,No decription or map of potential ISWs
Becky,,Groundwater Dependent Ecosystems (GDE),Environment,1,"Is there an inventory, map, or description of fauna (e.g., birds, fish, amphibian) and flora (e.g., plants) species or habitat types in the basin's GDEs? Please indicate in the notes if threatened and endangered species are identified in the GSP.","groundwater dependent ecosystem, groundwater-dependent ecosystem, GDE, habitat, species",No,"
The distribution of freshwater fish and wildlife species that may be dependent on GDEs is not well known and is not included in this analysis. A list of threatened and endangered species that may be in the Tracy Subbasin or its waterways is provided in Appendix L.",Page 5-76 / 5.10,"The plan states that the species dependent on GDEs are not well known and not included in the analysis. Lists of threatened and endandgered species that 'may' be in the Tracy basin were included in appendix I, but the GSA put no effort into identifying specific species in basin's GDEs."
Becky,,,Environment,1,"Were GDEs in the basin identified (mapped) and described in the GSP using best available data (e.g., NC dataset, localized VegMap data)? Please describe which data were used in the Notes.","groundwater dependent ecosystem, groundwater-dependent ecosystem, GDE, NC dataset, VegMap",Yes,"
Potential GDEs were identified from NCCAG Vegetation and Wetlands mapping are shown on 
Figure 5-42. 

&&2419
All potential GDEs identified from NCCAG were kept at this time but
may be revisited in the future.",Page 5-76 / 5.10 && Figure 5-42 (but actually Figure 5-41),
Becky,,,Environment,1,Was depth-to-groundwater data from the underlying principal aquifer used to verify the NC dataset?,"groundwater dependent ecosystem, groundwater-dependent ecosystem, GDE, NC dataset, depth to groundwater",No,Most potential GDEs are located adjacent to the San Joaquin River and other waterways and within the  Delta islands and as such are supported by both surface water and groundwater. No further assessments were made to better quantify potential or actual GDEs. Few potential GDEs are located in the non-Delta  areas where depths to groundwater are greater than 20 feet and may be evaluated in the future to more  clearly demonstrate whether the GDEs are groundwater dependent,Page 5-76 / 5.10,No depth to groundwater used. No assessment of GDEs.
Becky,,,Environment,2,"Did the GSP avoid using any of the following criteria when deciding whether or not to remove NC dataset polygons from the final GDE map?: 1)Presence of Surface Water, 2)Distance from agricultural fields, 3)Principal aquifer was not considered main pumping aquifer, 4)Other?  If so, please specify in the Notes. ","groundwater dependent ecosystem, groundwater-dependent ecosystem, GDE, NC dataset",Yes,All potential GDEs identified from NCCAG were kept at this time but may be revisited in the future.,Page 5-76 / 5.10,"No assessment done to verify NC dataset GDEs, but all potential GDEs from the NCCAG were kept."
Becky,,,Environment,2,"Were multiple water year types (e.g., wet, average, dry) of groundwater level data used to characterize groundwater conditions in the GDEs? If so, please indicate which years and water year types in the Notes.","groundwater conditions, groundwater dependent ecosystem, groundwater-dependent ecosystem, GDE, depth to groundwater, depth to water",No,,,No groundwater data used to verify GDEs.
Becky,,,Environment,2,Were depth-to-groundwater measurements under GDEs corrected for land surface elevations?,"DEM, digital elevation model, land surface elevation, depth to groundwater, GDE, groundwater dependent ecosystem",No,,,No groundwater data used to verify GDEs.
Becky,,,Environment,2,Were data gaps identified when mapping GDEs?,"groundwater dependent ecosystem, groundwater-dependent ecosystem, GDE, data gap, shallow monitoring well, shallow aquifer",Yes,The areas (NCCAG dataset) identified as GDEs have not been validated. Evaluation of GDEs through a detailed depth to water evaluation should be performed.,Page 5-78 / 5.11,The lack of evaluation of GDEs is listed as a data gap in data gap section after GDE section
Becky,,,Environment,2,"In the case of data gaps and uncertainty, were potential GDEs mapped and described in the GSP?","potential groundwater dependent ecosystem, potential GDE, potential groundwater-dependent ecosystem, data gap",Yes,"Most potential GDEs are located adjacent to the San Joaquin River and other waterways and within the Delta islands and as such are supported by both surface water and groundwater. No further assessments were made to better quantify potential or actual GDEs. Few potential GDEs are located in the non-Delta areas where depths to groundwater are greater than 20 feet and may be evaluated in the future to more
clearly demonstrate whether the GDEs are groundwater dependent",Figure 5-41,All of the NC dataset polygon GDEs are included and described as potential GDEs.
Lauren,,Water Budget,Ecosystems,1,"Does the GSP include water demands for native vegetation in the historic, current, and projected water budgets?","water budget, native vegetation, phreatophyte",Yes,"Cites C2VSimFG model report for details of the model, this was in the report: ""C2VSimFG divides all land use types into four principal classifications (non-ponded agriculture, ponded agriculture, urban, and native vegetation) and 28 operational land use categories. Within agricultural lands, individual components exist for non-ponded crops (e.g. alfalfa, orchards, corn, etc.) and for ponded crops (e.g. rice and managed wetlands). Within the native component, water use is estimated separately for native (e.g. upland) vegetation and riparian vegetation. These components are depicted in Figure 56.""

 && ""Evapotranspiration: The C2VSim model includes monthly evapotranspiration rates for each agricultural crop, urban landscaping, and native vegetation across each of the model’s 21 subregions and 210 small stream watershed groups. Evapotranspiration data has undergone multiple iterations during model development and calibration""",pg 113 & 138 of DWR report cited in GSP: https://data.cnra.ca.gov/dataset/c2vsimfg-version-1-0 ,The water demands (ET) of native vegation is included in the C2VSimFG model that the GSP uses to create the water bugets
Lauren,,,Ecosystems,1,"Does the GSP include water demands for managed wetlands in the historic, current, and projected water budgets?","water budget, managed wetlands",Yes,"Cites C2VSimFG model report for details of the model, this was in the report: ""C2VSimFG divides all land use types into four principal classifications (non-ponded agriculture, ponded agriculture, urban, and native vegetation) and 28 operational land use categories. Within agricultural lands, individual components exist for non-ponded crops (e.g. alfalfa, orchards, corn, etc.) and for ponded crops (e.g. rice and managed wetlands). Within the native component, water use is estimated separately for native (e.g. upland) vegetation and riparian vegetation. These components are depicted in Figure 56.""

 && ""Evapotranspiration: The C2VSim model includes monthly evapotranspiration rates for each agricultural crop, urban landscaping, and native vegetation across each of the model’s 21 subregions and 210 small stream watershed groups. Evapotranspiration data has undergone multiple iterations during model development and calibration""

&&Reuse factors and return flow fractions can be refined and further adjusted to reflect different
local conditions. In flooded areas, specifically, the next phase of calibration could better
represent operational spills and deep percolation in rice fields and managed wetlands/refuges.",pg 113 & 139 & 258  of DWR report cited in GSP: https://data.cnra.ca.gov/dataset/c2vsimfg-version-1-0 ,"Yes, C2VSim does represent managed wetlands, but the do suggest that this is one area where the model could be refined.

(This GSP does have managed wetland) native grasslands. Figure 3-11 shows these native vegetation and wetlands areas (NCCAG 2018.) 755 Managed Habitat 756 Some agriculture lands are also used for habitat. Surface water is used to create “managed” habitat areas 757 for waterfowl on some of Delta islands such as Lower Jones Tract and Mandeville Island. After harvest, 758 the fields are flooded to create habitat and allow migrating waterfowl to forage for corn, wheat, and barley 759 that was not harvested."
Lauren,,,Climate Change,1,"Does the GSP incorporate climate change into the projected water budget using DWR change factors or other source? If other, please specify in the Notes. If DWR change factors were used, indicate in the Notes whether the GSP use 2030 factors, 2070 factors, or both?","water budget, climate change, change factors, 2030, 2070",Yes,"Climate Data: The precipitation and ET data from the historical simulation for the period of 1953 to 2003 were again used, but the data was adjusted based on outputs from a DWR study using climate models to predict future changes (DWR 2018). The DWR datasets provided precipitation and reference ET packaged as monthly change factor ratios to be used to perturb historical data to represent projected future conditions. The change factors are provided spatially and were applied to the historical data in the C2VSim-FG_v1.0 model. 
o DWR provided two future climate period conditions for use, including one scenario for 2030 and three scenarios for 2070 (wet conditions, central tendency, and extreme warming). The 2070 central tendency of the ensemble of general circulation models was used for this analysis. The 2070 scenarios were preferred for a long-term planning horizon, and the central tendency was selected as a reasonable projection. The other two scenarios for 2070 included wetter conditions and extreme warming. The central tendency scenario also included warmer, drier conditions, and changes in precipitation patterns, but to a less extreme degree than the extreme warming scenario.",Page 7-13 / 7.6,Climate change considered using the 2070 central tendency model
Lauren,,,Climate Change,1,"Does the GSP consider multiple climate scenarios (e.g., the 2070 wet and 2070 extremely dry) scenarios in the projected water budget? If there are other scenarios considered in the GSP, please specify in the Notes.","projected water budget, 2070",No,"Climate Data: The precipitation and ET data from the historical simulation for the period of 1953 to 2003 were again used, but the data was adjusted based on outputs from a DWR study using climate models to predict future changes (DWR 2018). The DWR datasets provided precipitation and reference ET packaged as monthly change factor ratios to be used to perturb historical data to represent projected future conditions. The change factors are provided spatially and were applied to the historical data in the C2VSim-FG_v1.0 model. 
o DWR provided two future climate period conditions for use, including one scenario for 2030 and three scenarios for 2070 (wet conditions, central tendency, and extreme warming). The 2070 central tendency of the ensemble of general circulation models was used for this analysis. The 2070 scenarios were preferred for a long-term planning horizon, and the central tendency was selected as a reasonable projection. The other two scenarios for 2070 included wetter conditions and extreme warming. The central tendency scenario also included warmer, drier conditions, and changes in precipitation patterns, but to a less extreme degree than the extreme warming scenario.",Page 7-13 / 7.6,"Other models acknowledged, but only 2070 central tendency model used in GSP's projections"
Lauren,,,Climate Change,2,Does the GSP incorporate climate change into precipitation inputs for the projected water budget?,"projected water budget, precipitation, input",Yes,"
Climate Data: The precipitation and ET data from the historical simulation for the period of 1953 to 2003 were again used, but the data was adjusted based on outputs from a DWR study using climate models to predict future changes (DWR 2018). The DWR datasets provided precipitation and reference ET packaged as monthly change factor ratios to be used to perturb historical data to represent projected future conditions. The change factors are provided spatially and were applied to the historical data in the C2VSim-FG_v1.0 model.","7-13 / 7.6
Figures 7-6--7-10
Tables 7-6--7-10
Tables, Appendix M",The GSP incorporated the 2070 central tendency change factors for precipitation. 
Lauren,,,Climate Change,2,Does the GSP incorporate climate change into evapotranspiration inputs for the projected water budget?,"projected water budget, evapotranspiration, ET, input",Yes,"Climate Data: The precipitation and ET data from the historical simulation for the period of 1953 to 2003 were again used, but the data was adjusted based on outputs from a DWR study using climate models to predict future changes (DWR 2018). The DWR datasets provided precipitation and reference ET packaged as monthly change factor ratios to be used to perturb historical data to represent projected future conditions. The change factors are provided spatially and were applied to the historical data in the C2VSim-FG_v1.0 model.","Page 7-13 / 7.6
Figures 7-6--7-10
Tables 7-6--7-10
Tables, Appendix M",The GSP incorporated the 2070 central tendency change factors for ET
Lauren,,,Climate Change,2,"Does the GSP incorporate climate change into surface water flow inputs (e.g., imported water, streamflow) for the projected water budget?","projected water budget, surface water flow, input",Somewhat,"For the projected with climate change water budget, the model was modified using publicly available climate change projections for evapotranspiration (ET) and precipitation, while maintaining the projections for development and corresponding surface water deliveries. As with the projected water budget, this simulation was performed to represent the 2016-2065 hydrologic period (a 50-year projection).
&&&
The annual total inflows, outflows, and cumulative change in storage for the projected period are shown on Figure 7-6. Table 7-6 contains the summary of the annual water budget averages from 2016 to 2065 with climate change. Detailed tables showing annual inflows and outflows are include in Appendix M. The composition of inflows and outflows is very similar to the projected period. However, the key difference is the average annual pumping increased to over 50 percent of the total outflows (up from 45%), and the deep percolation decreased to 40 percent (from 45%). The reasons for this shift in the water budget are attributed to increases in ET (due to warmer and drier temperatures) and shifting patterns in precipitation. The resulting average surplus for the projected with climate change water budget is 1,000 AFY.","7-4/7-5, 7-13 / 7.6
Figures 7-6--7-10
Tables 7-6--7-10
Tables, Appendix M","Climate change impacts to surface water flow was incorporated via simulation in the numerical model  with precipiation and ET DWR climate change factors applied. However, it appears as though surface water deliveries were not adjusted for climate change. "
Lauren,,,Climate Change,2,Does the GSP incorporate climate change into sea level inputs for the projected water budget?,"projected water budget, sea level, input",Not Applicable,,,Seawater intrusion not considered a concern at this time 
Lauren,,,Climate Change,2,Does the GSP calculate a sustainable yield based on the projected water budget with climate change incorporated?,"sustainable yield, projected water budget",No,"A base period was selected to estimate the sustainable yield that have the following conditions: 
• As recent time period as possible to reflect current conditions. 
• Precipitation is close to the long-term average. 
• Prior to the start and end of the base period the cumulative departure from normal has a similar slope such that water in transit in the vadose zone is approximately equal and the period contains at least one wet period and dry period. 
These conditions were met, based on Figure 7-2, and a base period of 2003 to 2013 was selected. This base period was also selected by the Northern Delta-Mendota GSP as their representative base-period. Other adjacent subbasins selected other base periods due to local climatic conditions. 
The average quantity of groundwater extracted during the base period was 178,000 AFY for the entire Subbasin. The average quantity of groundwater extracted during the base period for just the Non-Delta Management Area was 62,100 AFY. During this period undesirable results, as currently defined, were not observed by the GSAs. Groundwater levels provided in Appendices G and H show stable or upward trends in groundwater levels during this period of time. 
The sustainable yield can be increased if conjunctive use projects are implemented to increase recharge to the Subbasin. The annual reports and 5-year update will document any conjunctive use changes or revisions to this GSP.",Page 7-20 / 7.7,Sustainable yield is based off a 10-year period (2003-2013) without any mention of incorporating climate change modeling into current or future SY
Sara,SUSTAINABLE MANAGEMENT CRITERIA,Undesirable Results,Domestic,1,Does the GSP analyze direct or indirect impacts on domestic drinking wells when defining Undesirable Results for 1) Chronic Lowering of Groundwater Levels and 2) Water Quality (See line 24)?,"domestic well, drinking water, undesirable result, groundwater levels, water quality, groundwater quality",Yes,"Groundwater beneficial users include humans, native plants, and aquatic species. Groundwater in the Subbasin is used by rural homeowners, agricultural users, and municipal entities for drinking water, industrial users for manufacturing or processing food, and environmental uses for ecosystems supporting groundwater dependent plants and species. The GSAs approached definition of undesirable results and what is considered to be significant and unreasonable, through a discussion of potential undesirable results by the GSAs and along with a  workshop to seek stakeholder input on January 21, 2021, as documented in Chapter 11 – Notices and Communications.$$$
The criteria used to define significant and undesirable results by chronic lowering of groundwater levels are: Domestic and irrigation wells go dry (lowering pumps, cost to construct new wells) Increased costs to pump groundwater (including power, lowering or replacement of pumps, and new motors) Surface water is depleted such that creeks go dry (in periods other than severe climate conditions) Groundwater supported vegetation die or cannot repopulate (reduction or elimination of GDEs) Groundwater quality is degraded by increasing the salt content (lowering of groundwater levels increases and changes in pressure allows saline water from underlying marine sediments to increase and intrude into freshwater aquifers Groundwater quality becomes unusable because contaminants spread vertically and horizontally (contaminants from the large and known plumes spread and degrade water quality so that it cannot be used without treatment)&&&
Salinity, as represented by TDS, is relatively high in the Subbasin ranging from 82 mg/L to as high as 4,500 mg/L (see Appendix H) using samples collected by DWR, USGS and from PWS wells. Upward trends are present in 11 out of 56 monitoring and public supply wells (refer to Chapter 5.6.2 -  Groundwater Quality Trends). 
TDS has established secondary drinking water MCLs which were established for aesthetic reasons such as taste, odor, and color and are not based on public health concerns. TDS has a recommended drinking water MCL of 500 mg/L, an upper level of 1,000 mg/L and a short-term standard of 1,500 mg/L. TDS  tolerance levels for agricultural is generally less than 1,000 mg/L as shown in Table 9-2. TDS in the Subbasin is mostly above the recommended MCL in both the Upper and Lower aquifers except for a few areas with good quality water as shown on Figure 5-19. TDS in some areas is above the upper MCL but 3928 mostly less than the agricultural tolerance levels. 
There are over 120 public supply wells in Subbasin that are overseen by the State Water Board’s DDW, but currently well construction details are few to be able to sort the data by aquifer. Water purveyors have managed to find aquifers that provide water that is above the recommended secondary MCL of 500 mg/L but below the upper MCL of 1,000 mg/L in most of the Subbasin, but in the City of Lathrop water quality is better and is typically below the recommended MCL. The average TDS in PWS wells in the Subbasin is 766 mg/L. Sources of high salinity are from stormwater runoff from the Coast Ranges, underlying marine sediments, evaporation of shallow groundwater and from agricultural activities.

Nitrate concentrations are low in the Subbasin, as shown on Figure 5-23, and other than a few wells, nitrate does not appear to be adversely impacting water quality, but upward trends are present in 24 out of 
120 monitoring and public supply wells (refer to Chapter 5.6.2 – Groundwater Quality Trends). The primary drinking water standard is 10 mg/L. Both salinity and nitrates are being managed through existing management and regulatory programs within the Subbasin, such as the CV-SALTS and the ILRP, which  focus on improving water quality by managing septic and agricultural sources of salinity and nitrate.
The most prevalent sources of boron in drinking water are from the leaching of rocks and soils, wastewater, and fertilizers/pesticides. In the Non-Delta Management Area, portions of the Upper and Lower aquifers boron commonly exceed 1.0 mg/L. Boron is an unregulated chemical without an established MCL but has a Notification Level of 1.0 mg/L. 
Boron is essential to plant growth but may be toxic to many sensitive plants. The agricultural water quality objective for boron in irrigation water is 0.7 mg/L (Ayers and Westcot, 1985). Table 9-2 provides a summary of the crop types grown in the Subbasin and boron tolerances to irrigation water containing boron. As shown in the table there is no one predominant crop type in the Subbasin. 
The average boron concentration from PWS wells used for drinking water is 0.1 mg/L. Upward trends are present in only 3 out of 57 wells (refer to Chapter 5.6.2 – Groundwater Quality Trends).

Undesirable results, were determined to be significant and unreasonable for degraded water quality  are: 
The average TDS concentration in representative monitoring wells increases and exceed the  secondary upper drinking water MCL of 1,000 mg/L unless the concentration is already above the MCL 
The average nitrate concentration in representative monitoring wells to exceed the primary MCL of 10 mg/L 
The average boron concentrations to exceed the Long-Term Health Advisory level of 2.0 mg/L, in representative monitoring wells unless concentrations already are above this level 
When concentrations of TDS and nitrate in more than 25% of the representative monitoring wells  increase above the MCL, agricultural water objective or Health Advisory level, unless the  concentration already have been exceeded 
TDS values are estimated based on applied irrigation water electrical conductivity values for a 90 percent crop yield potential (Texas A&M AgriLife Extension, 2003, adapted from Ayers and Westcott, 1976).
Other constituents such as arsenic and uranium are scattered occurrences and although may locally affect groundwater quality cannot be managed on a regional basis. Therefore, undesirable results were not considered for these elements. 
The potential causes leading to undesirable results would be retainage of salts within the Subbasin due to lowering of groundwater levels and a reduction of storage that could lead to accumulation of salts, nitrate and boron in the Subbasin.
","Page 9-4 / 9.3.2
Table 9-1
Page 9-15 / 9.6.1
Table 9-2","COC's: TDS, chloride, sulfate, Nitrate, 1,2,3 TCP, arsenic, boron, Iron and manganese, they have evaluated TDS, nitrate, born, They did not set Undesitable results for other constitues which were scattered in the subbasin. "
Martha/Sara,,,DACs,1,"Does the GSP analyze direct and indirect impacts on DACs when defining Undesirable Results for 1) Chronic Lowering of Groundwater Levels, 2) Water Quality (see line 24), and 3) Depletions of Interconnected Surface Waters?","disadvantaged communit*, DAC, tribal, tribe, drinking water, undesirable result, groundwater levels, water quality, groundwater quality",Somewhat,"Groundwater beneficial users include humans, native plants, and aquatic species. Groundwater in the Subbasin is used by rural homeowners, agricultural users, and municipal entities for drinking water, industrial users for manufacturing or processing food, and environmental uses for ecosystems supporting groundwater dependent plants and species. The GSAs approached definition of undesirable results and what is considered to be significant and unreasonable, through a discussion of potential undesirable results by the GSAs and along with a workshop to seek stakeholder input on January 21, 2021, as documented in Chapter 11 – Notices and Communications

Water Quality: An undesirable result for degraded water quality in the Tracy Subbasin is experienced if SGMA-related 3978 groundwater management activities cause significant and unreasonable impacts to the long-term viability 3979 of domestic, agricultural, municipal, environmental, or other beneficial uses over the planning and 3980 implementation horizon of this GSP. Undesirable results may result from increases of salinity, nitrate and 3981 boron to above upper, primary drinking water standards or agricultural irrigation water quality objectives 3982 for crops grown in the Subbasin.

Depletions of Interconnected Surface Water: Depletions of interconnected surface water significant and undesirable results were developed based on available technical information included in the draft GSP, input to the Sustainable Management Criteria Worksheet, a public meeting, and discussions with GSA staff. In discussions of interconnected surface  water, GSA staff and stakeholders did not indicate any observed undesirable results from historical  depletions. 
The undesirable result for depletions of interconnected surface water in the Tracy Subbasin are: 
 Rivers dry up and cannot support aquatic species, water supply and recreation. Tracy Subbasin Groundwater Sustainability Plan
Chapter 9 9-27 PUBLIC DRAFT
 Allow saline water to intrude into waterways in the Tracy Subbasin, allowing for recharge of degrade water quality to the aquifers 
 Increased surface water depletion that would require additional releases of surface water from dams or a reduction of surface water diversions in order to repel saline water. 
The potential causes of increased surface water depletion are an increase of groundwater pumping and lowering of groundwater levels near the surface water bodies leading to additional surface water depletion.","9-17
9-26 to 9-27","When they talk about beneficial users they mention humans and don't specifically talk about DAC, would like to see DAc mentioned explicitly 

GSP briefly discusses undesirable results to beneficial users which could include DAC however they are not explicily mentioned but do address one main undesirable result as wells going dry. "
Martha/Sara,,,Tribes,1,"Does the GSP analyze direct and indirect impacts on Tribes when defining Undesirable Results for 1) Chronic Lowering of Groundwater Levels, 2) Water Quality (see line 24), and 3) Depletions of Interconnected Surface Waters?","disadvantaged communit*, DAC, tribal, tribe, drinking water, undesirable result, groundwater levels, water quality, groundwater quality",Not Applicable,,,
Becky/Sara,,,Ecosystems,1,"Does the GSP analyze direct and indirect impacts on GDEs when defining Undesirable Results for 1) Chronic Lowering of Groundwater Levels, 2) Water Quality, and 3) Depletions of Interconnected Surface Waters?","groundwater dependent ecosystem, GDE, groundwater-dependent ecosystem, instream, environment, undesirable result, groundwater levels, water quality, groundwater quality, depletion of surface water, ISW",Somewhat,"The criteria used to define significant and undesirable results by chronic lowering of groundwater levels are: Domestic and irrigation wells go dry (lowering pumps, cost to construct new wells)  Increased costs to pump groundwater (including power, lowering or replacement of pumps, and  new motors). Surface water is depleted such that creeks go dry (in periods other than severe climate conditions).  Groundwater supported vegetation die or cannot repopulate (reduction or elimination of GDEs).  Groundwater quality is degraded by increasing the salt content (lowering of groundwater levels.  increases and changes in pressure allows saline water from underlying marine sediments to  increase and intrude into freshwater aquifers Groundwater quality becomes unusable because contaminants spread vertically and horizontally  (contaminants from the large and known plumes spread and degrade water quality so that it cannot be used without treatment)  The potential effects of chronic lowering of groundwater levels are provided in the bullet list above.  Based on the criteria that could result in undesirable results, significant and undesirable results identified  for the Subbasin for chronic lowering of groundwater levels will occur when groundwater levels exceed  30 feet bgs in areas currently supporting GDEs or when groundwater levels decline that cause domestic  wells to go dry. The level when there would be a significant undesirable result will be when 25 percent or  more of the representative monitoring wells record groundwater levels that exceed the minimum thresholds for more than 2 consecutive years excluding drought periods. The consecutive 2-year period allows time to assess the conditions and to potentially develop actions to resolve the declining levels. 
&& 
Groundwater beneficial users in the Subbasin include domestic well owners, agriculture, and municipal, entities for drinking water, industrial for manufacturing or processing food, native plants, aquatic species, and crop water requirements. Groundwater quality can affect surface water if the groundwater is discharging to surface water and contains high concentrations of nutrients (e.g., nitrate).&& The undesirable result for depletions of interconnected surface water in the Tracy Subbasin are:   Rivers dry up and cannot support aquatic species, water supply and recreation. 
&& 
Significant and undesirable results would be if groundwater levels in 25 percent of the representative wells in normal years, excluding drought years, would decline below the minimum thresholds for 2 consecutive years.
","Page 9-5 / 9.3.1
Table 9-1
Page 9-14 / 9.6
page 9-26 and 9-27/ 9.8.2","Chronic Lowering of Groundwater Levels undesirable results analyzes the impact on GDEs. Degraded water quality vaguely mentions native plans and aquatic species, but more analysis is needed. Depletion of surface water acknolwedges the impact of undesirable results on aquatic species in rivers, but more detail is needed.  They lightly mention aquatic GDE in Depletion of ISW and lowering of WQ. More evaluation on GDE is needed."
Sara,,Minimum Thresholds,All,2,Does the GSP establish Water Quality minimum thresholds and measurable objectives for any identified constituents/contaminents identified in the plan area (see line 24)? Please identify which constituents have Minimum Thresholds and Measurable Objectives in the Notes.,"minimum threshold, water quality, groundwater quality, contaminent, constituent of concern, COC",Somewhat,"Salinity (as represented by TDS) nitrate and boron are relatively high in the Subbasin and are the only water quality constituents for which minimum thresholds were established in the Tracy Subbasin. Table 9-3 provides a listing of the historic concentrations at each representative well along with minimum thresholds. Appendix O contains the graphs showing the historic data and selected representative minimum thresholds. Because water quality varies throughout the Subbasin, the minimum thresholds for degraded groundwater quality also vary throughout the Subbasin. Where concentrations are: 
Below the MCL or agricultural water quality objective, the minimum threshold concentrations were established at the MCL or agricultural water quality objective
 Above the MCL or agricultural water quality objective, minimum thresholds were established at the 10% higher than the maximum concentrations historically found representative monitoring wells. The increase of 10% above the historical levels was developed based on uncertainty in concentrations and due to concentrations in some wells having upward trends This approach was taken because maximum historical concentrations at representative wells were used due to most wells having concentrations already above the MCLs or Notification Levels and would be consistent with the State Water Board Anti-degradation Policy (State Water Board 1968) which is to preserve water quality at the observed levels, even when these levels are above the MCL. It should be noted that wells SJCDW00032 and SJCDW00034 have only one measurement, and therefore both the historic maximum and minimum concentrations are the same. Minimum thresholds may need to be adjusted in the future, after more samples are analyzed and a more representative dataset is acquired. The approach to setting the minimum thresholds for these wells were established using the same approach described above.","Appendix O 
Page 9-18 / 9.6.4
Table 9-3","They have graphed MT and MO for TDS, NItrate and boron, but not sulfate, 1,2,3 TCP , or arsenic. "
Sara ,,,All,2,Are Water Quality minimum thresholds based on or within the Maximum Contaminent levels (MCLs)? Answer Yes = for identified constituents; Somewhat = for some of the identified constituents; No = none of the identified constituents; Not Applicable should never be an answer for this question.,"maximum contaminent level, MCL, minimum threshold, water quality, groundwater quality, contaminent, constituent of concern, COC",Somewhat,"Below the MCL or agricultural water quality objective, the minimum threshold concentrations were established at the MCL or agricultural water quality objective
Above the MCL or agricultural water quality objective, minimum thresholds were established at the 10% higher than the maximum concentrations historically found representative monitoring wells. The increase of 10% above the historical levels was developed based on uncertainty in concentrations and due to concentrations in some wells having upward trends This approach was taken because maximum historical concentrations at representative wells were used due to most wells having concentrations already above the MCLs or Notification Levels and would be consistent with the State Water Board Anti-degradation Policy (State Water Board 1968) which is to preserve water quality at the observed levels, even when these levels are above the MCL. It should be noted that wells SJCDW00032 and SJCDW00034 have only one measurement, and therefore both the historic maximum and minimum concentrations are the same. Minimum thresholds may need to be adjusted in the future, after more samples are analyzed and a more representative dataset is acquired. The approach to setting the minimum thresholds for these wells were established using the same approach described above.","Appendix O 
Page 9-18 / 9.6.4
Table (-3","The MT and MO has been set to MCL levels in some parts of the basin. It has been set for 10% higher than MCL
https://www.waterboards.ca.gov/drinking_water/certlic/drinkingwater/documents/ddw_secondary_standards.pdf 
(For Above the MCL or agricultural water quality objective, minimum thresholds were established at 4030 the 10% higher than the maximum concentrations historically found representative monitoring wells. The increase of 10% above the historical levels was developed based on uncertainty in concentrations and due to concentrations in some wells having upward trends?!!) Evaluation of set MT and MO is needed, the MO levels needs to be set to drinking water standard MCL."
Sara,,,Drinking Water Users,1,"Does the GSP evaluate the cumulative or indirect impacts of proposed minimum thresholds on drinking water users (e.g., domestic wells, municipal water suppliers)? If so, please indicate in the notes for which sustainability indicators (i.e., Groundwater levels, Water Quality).","minimum threshold, disadvantaged communit*, drinking water users, domestic, domestic wells, groundwater levels, water quality, groundwater quality",Somewhat,"The practical effect of the degraded groundwater quality undesirable result is that it may reduce or limit the potential uses for groundwater to meet the beneficial users or land uses. Groundwater quality minimum thresholds for adjacent subbasins are provided in Table 9-3 for  comparison to those established for the Tracy Subbasin. Because of the highly variable water quality in adjacent subbasins, the concentrations selected in those subbasins are higher than those selected for the Tracy Subbasin. Subsurface inflow from these adjacent subbasins, based on groundwater contours provided in Chapter 5 – Groundwater Conditions, and with their higher concentrations could affect  minimum thresholds in the Tracy Subbasin, which may require future revisions of the water quality  minimum thresholds.","Page 9-19 / 9.6.5
",Although they mention beneficial users but their MT and MO for boron and TDS is set to higher value in some parts of the basin
Martha/Sara,,,DACs,1,"Does the GSP evaluate the cumulative or indirect impacts of proposed minimum thresholds on DACs? If so, please indicate in the notes for which sustainability indicators (i.e., Groundwater levels, Water Quality).","minimum threshold, disadvantaged communit*, DAC, groundwater levels, water quality, groundwater quality",No,"Groundwater Level: The selection of the minimum thresholds was based on evaluating the individual and multiple beneficial users and selection of the shallowest level established for all users which establishes a conservative level to prevent undesirable results in the Subbasin, as shown in Table 9-1. Final selected minimum thresholds at each representative monitoring well, combining all sustainability indicators, are provided on the right  side of the Table 9-1. Minimum thresholds selected for subsidence, as discussed in Chapter 9.7 – Land Subsidence, are based on historic groundwater lows in the Subbasin. The minimum thresholds selected for surface water depletion, as discussed in Chapter 9.8 – Depletion of Surface Water, uses similar wells for chronic lowering of groundwater levels, GDEs in the Upper aquifer and wells in the Lower aquifer.

Water Quality: 

Depletions of Interconnected Surface Water: ",9-7 / Table 9-1,"NO direct mention of DAC

Although no direct mention od DACs, when establishing minimum thresholds, the GSP documents evaluating the beneficial users when it comes to groundwater levels, the GSP also provides a table where they detail the monitoring network when monitoring Groundwater levels and consider domestic well users as well as GDEs. There is however, no other mention of beneficial users or DACs specifically when establishing minimum thresholds for Water Quality or Depetions of Interconnected Water Systems. "
Martha/Sara,,,Tribes,1,"Does the GSP evaluate the cumulative or indirect impacts of proposed minimum thresholds on Tribes? If so, please indicate in the notes for which sustainability indicators (i.e., Groundwater levels, Water Quality, Interconnected Surface Waters).","minimum threshold, disadvantaged communit*, DAC, tribal, tribe, groundwater levels, water quality, groundwater quality",Not Applicable,,,
Becky/Sara,,,Ecosystems,1,"Does the GSP evaluate the cumulative or indirect impacts of proposed minimum thresholds on GDEs or environmental beneficial users of surface water? If so, please indicate in the notes for which sustainability indicators (i.e., Groundwater levels, Water Quality, Interconnected Surface Waters).","minimum threshold, groundwater dependent ecosystem, groundwater-dependent ecosystem, GDE, environmental beneficial user, instream, groundwater levels, water quality, groundwater quality, depletion of surface water ISW",Yes,"Criteria considered by the GSAs and stakeholders to establish minimum thresholds were based on the  protection of the most sensitive beneficial users in the Subbasin. The criteria selected for the development  of minimum thresholds for lowering of groundwater levels (or the maximum allowable groundwater level depth/elevation) were based on: Rooting zone depths of GDEs vary based on types of species. A thorough review of all GDEs vegetation types has not been completed to assess rooting zone depths, due to budget constraints and the overall limited presence of GDEs within the Non-Delta Management Area. Minimum thresholds will typically vary with shallower levels near water bodies and decreasing with depth  away from the water bodies. The selection criteria for minimum thresholds were established:  o At up to 3 feet below historical groundwater levels (2010-2015) where current groundwater  levels are less than 10 feet bgs  o At a conservative maximum depth of 30 feet bgs, due to the presence of Valley Oaks and when groundwater levels (2010 2015) are greater than 10 feet bgs 
&& 
Criteria considered by GSAs and stakeholders for the development of minimum thresholds for groundwater quality are: Plants and species water quality standards (State Water Board 2017) 
&& 
Criteria considered by the GSAs and stakeholders to establish minimum thresholds were: Depletion of surface water by lowering of groundwater levels could also affect GDEs",Page 9-6 / 9.3.3 && Page 9-18 / 9.6.3 && Page 9-27 / 9.8.3,Chronic Lowering of Groundwater; Water quality; and Depletion of Surface water
Sara,,Measurable Objectives,Drinking Water Users,2,Does the GSP consider Drinking Water Users when establishing measurable objectives?,"drinking water users, domestic, measurable objective, water quality, groundwater quality, contaminent, constituent of concern, COC",Somewhat,"The measurable objectives for degraded water quality were established at the maximum concentration at each representative monitoring well, with the goal of maintaining, to the extent possible, groundwater quality at its current concentrations. This approach is being conservative and consistent with State Water Board Anti-degradation Policy, rather than using the average of all concentrations.",Page 9-19 / 9.6.6,The MO was set as the maximum level in each sampling location. The MO needs to be set at level lover than MCL. I chose somewhat since in some locations the MO is set at lower level of MCL. However they do consider beneficial users when setting MO but since it is high in some locations for drinking water users I chose somewhat.
Martha/Sara,,,DACs,2,Does the GSP consider DACs when establishing measurable objectives?,"measurable objectives, disadvantaged communities, DAC",No,"Groundwater Levels: Because there have been no undesirable results for each of the sustainability indicators in the Delta area and none are likely to occur in the future, groundwater monitoring is not necessary in this portion of the Subbasin for it to remain sustainable. As such, minimum thresholds and measurable objectives will not be established for the Delta management area. 

As such, excessive groundwater use in the Non-Delta area could have undesirable results on beneficial  groundwater uses such as domestic, agricultural and municipal well owners, along with surface water, and  GDEs.

Based on the criteria that could result in undesirable results, significant and undesirable results identified for the Subbasin for chronic lowering of groundwater levels will occur when groundwater levels exceed  30 feet bgs in areas currently supporting GDEs or when groundwater levels decline that cause domestic wells to go dry. The level when there would be a significant undesirable result will be when 25 percent or more of the representative monitoring wells record groundwater levels that exceed the minimum thresholds for more than 2 consecutive years excluding drought periods

Water Quality: 

Depletions of Interconnected Water: ","6-3
6-6
9-5","No mention of DAC or other beneficial users when discussing minimum objectives for the majority of the Sustainability Indicators, only briefly disucsses some aspects of the Decline in Groundwater Levels in relation to beneficial users but is very brief. "
Martha/Sara,,,Tribes,2,Does the GSP consider Tribes when establishing measurable objectives?,"measurable objectives, tribal, tribes",Not Applicable,,,
Becky/Sara,,,Ecosystems,2,Does the GSP consider GDEs when establishing measurable objectives?,"measurable objectives, groundwater dependent ecosystems, environmental beneficial user",Yes,"Groundwater levels measurable objectives were set above the minimum threshold to meet the water needs  of a multi-year drought. The measurable objectives groundwater levels were established based on: • Average historical spring groundwater level within the last 10 years (2010-2020 to reflect current  conditions and as some wells were not measured in 2015 at the start of SGMA), because at these  levels: o There were sufficient groundwater reserves that undesirable results (no dry wells) were not reported during the recent drought o Near potential GDEs, groundwater levels were shallow enough to allow for continued growth and promote regrowth oAgriculture can still maintain unsaturated root zones and allow farming to continue 
&& 
As groundwater levels are being used as a proxy for depletions of interconnected surface water, the  measurable objectives and interim milestones for the depletions of interconnected surface water are the  same as the measurable objectives  developed for the chronic lowering of groundwater levels developed to be protective of GDEs, as listed in Table 9",Page 9-12 / 9.3.6 && Page 9-28 / 9.8.5,Chronic Lowering of groundwater MO set based on historical levels in which levels were shallow enough near GDEs. Depletion of Surface Water MO set as to the chronic lowering of groundwater MO to protect GDEs.
Meagan,MONITORING NETWORK,,DACs / Tribes / Drinking Water Users,1,"Do the Representative Monitoring Sites (RMS) in the monitoring network adequately represent water quality conditions around DACs, domestic wells, and Tribes (In the case of data gaps, evaluate proposed monitoring sites)? In the notes, please specify whether RMS for each of the contaminents identified in the basin (see line 24). Answer Yes = existing and proposed monitoring wells are adequately distributed across DAC, domestic well, and Tribal areas; Somewhat = existing and proposed RMS do not adequately cover DAC, domestic well, and Tribal portions of the basin; No = Existing and proposed RMS are not available within DAC, domestic well, and Tribal areas.","water quality, contaminents, COC, data gap, disadvantaged communit*, DAC",No,,,RMS do not adequately represent water quality conditions in the northern DAC communities of Tracy GSP.
Meagan,,,DACs / Tribes / Drinking Water Users,1,"Do the Representative Monitoring Sites (RMS) in the monitoring network adequately represent shallow groundwater elevations around DACs, domestic wells, and Tribes (In the case of data gaps, evaluate proposed monitoring sites). In the notes, please specify any deficiencies in the distribution of representative monitoring sites (RMS). Yes = existing and proposed monitoring wells are adequately distributed across DAC, drinking wells, and tribal areas; Somewhat = existing and proposed RMS do not adequately cover DAC, drinking wells, and tribal portions of the basin; No = Existing and proposed RMS are not available within DAC, drinking wells, and tribal areas.","shallow monitoring well, data gap, disadvantaged communit*, DAC, tribal, tribe",No,,,RMS do not adequately represent groundwater elevation conditions in the northern DAC communities of Tracy GSP.
Becky,,,Environment,1,Does the GSP include a plan to identify and fill shallow monitoring well data gaps around GDEs and ISWs in the monitoring network?,"shallow monitoring well, data gap, groundwater dependent ecosystem, groundwater-dependent ecosystem, GDE ",Somewhat,"
Table 8-4 lists these new monitoring wells and their purpose. These wells may be constructed by DWR as part of their Technical Support Services or as local funding becomes available. Once completed and along with at least 5 years of measurements minimum thresholds and  measurable objectives may be established at these wells. &&  Three existing Lower aquifer monitoring wells are located south of the Old River and can be used to
 
develop gradients towards or away from the Delta area rivers, canals and sloughs where the Corcoran Clay
 
may be absent allowing interconnection of the Upper and Lower aquifers and the possibility that use of 
groundwater from the Lower aquifer could deplete surface water. These wells can also be clustered into a
 
group to develop gradients towards or away from the rivers. Table 8-8 provides the well construction
 
details and attributes. Figure 8-12 shows the locations of the surface water depletion monitoring wells for
the Lower aquifer.",Page 8-18 / 8.2.5 && Figure 8-6 && Table 8-4,One monitoring well is proposed (but not planned) to enhance the GDE analysis. Existing wells could be used to enhance ISW monitoring. No PMA with clear plan of filling shallow monitoring gaps around GDEs and ISWs.
Becky,,,Environment,2,Does the GSP include any plans to incorporate GDE-related biological monitoring into the monitoring network?,"GDE Pulse, NDVI, normalized difference vegetation index, biologic*, survey, vegetation, fish",No,,,
Sara,PROJECTS & MANAGEMENT ACTIONS,,Environment,2,Does the GSP include any recharge projects with explicit benefits to the environment?,"recharge, managed aquifer recharge, MAR, multi-benefit recharge",No,,,
Sara,,,Environment,2,"Does the GSP include any habitat or stream restoration or invasive species removal projects (e.g., to improve water supply in the basin or GDE habitats)?","invasive species, habitat",No,,,
Sara,,,All,1,"Does the GSP identify benefits or impacts of identified projects and management actions to key beneficial users such as GDEs, drinking water users, tribes, DACs?","beneficial users, environment, GDE, DAC, trib*",Somewhat,Modify Well Ordinance - 1) Create surface water depletion protection zones near rivers and sloughs. Minimum sanitary seal and screen depth requirements to limit direct interconnection to surface water. Benefits Upper Aquifer and potentially to GDE’s. 2) Well spacing requirements for high-capacity irrigation or municipal wells from domestic wells. Benefits domestic well owners.,Page 10-2 / 10.2,Potential benefit to GDE from modify well ordiance
Martha/Sara,,,DACs,2,Does the GSP include any recharge projects with explicit benefits to DACs?,"recharge, managed aquifer recharge, MAR",No,,,
Sara,,,DACs / Drinking Water,,Does the GSP include a drinking water well mitigation program to avoid significiant and unreasonable loss of drinking water?,"drinking water, well mitigation program",No,,,NO mention of drinking water in Projects and management actions
Sara,,,DACs,1,Does the GSP identify potential impacts to water quality from Projects and Management Actions?,"water quality, disadvantaged communit*, DAC",No,,,No mention of water quality in Projects and management actions
Lauren,OTHER,,,,Does the GSP have plans to use Open ET to monitor groundwater extractions from agriculture?,OpenET,No,,,
Lauren,,,,,Does the GSP have plans to install meters on wells in the basin?,meters,No,"The City of Lathrop is located just west of the City of Manteca and south of the City of Stockton. In 2019, 53 the population of Lathrop was about 25,000. The City of Lathrop’s water system serves approximately 7,300 metered service connections within 14,400-acre (22-square-mile) area of the Subbasin.
&&
The C2VSim-CG model dynamically calculates crop water demands; allocates contributions from precipitation, soil moisture, and surface water diversions; and calculates the groundwater pumpage required to meet the remaining demand. Agricultural groundwater pumping is typically not metered in the Central Valley, and the C2VSim-CG model provides some of the best estimates of this pumping because the pumping is constrained spatially and temporally by estimated demand and by surface water supplies. The model can also be used to calculate the changes in aquifer storage and can be used to estimate the water flows between rivers and groundwater aquifers.","Page 2-2 / 2.1.3
Page 7-3 / 7.2","Some connections (not specified to be wells) are metered within Lanthrop, but agricultural wells not metered due to use of modeling to estimate pumping; no mention of plans to increase the amount of metered wells/other connections"
Lauren,,,,,"Does the GSP have plans to implement demand reduction (e.g., pumping cuts) in the basin to achieve sustainability?","demand, demand reduction, pumping cuts, demand management",Yes,"Project 1: Reduction of Groundwater Pumping 
Project Description: This project will consist of expansion of the BCID distribution facilities to provide surface water to up to about 500 acres of agricultural land that is currently solely reliant on groundwater. The project requires construction of new lateral pipelines, establishment of new turnouts to deliver water to the agricultural properties, and enlargement of a pump station tied to an existing main lift canal. 
Measurable Objective Expected to Benefit: This project addresses chronic lowering of groundwater levels in the Subbasin by reducing groundwater pumping by up to 1,000 AFY. 
Project Status: The expansion of the distribution facilities project is currently under review by BCID Board of Directors. Construction is expected to begin in 2023 and be completed by 2030.",Page 10-4 / 10.2.1,"Project aims to replace groundwater with surface water. This would not necessarily reduce demand overall, but would reduce demand on groundwater resources. "
Lauren,,,,,"Does the GSP have plans to implement supply augmentation (e.g., recharge projects, desalinating brackish groundwater) in the basin to achieve sustainability?","recharge, managed aquifer recharge, MAR, desalin*, brackish groundwater",Somewhat,"""Project 1: Reduction of Groundwater Pumping 
Project Description: This project will consist of expansion of the BCID distribution facilities to provide surface water to up to about 500 acres of agricultural land that is currently solely reliant on groundwater. The project requires construction of new lateral pipelines, establishment of new turnouts to deliver water to the agricultural properties, and enlargement of a pump station tied to an existing main lift canal. 
Measurable Objective Expected to Benefit: This project addresses chronic lowering of groundwater levels in the Subbasin by reducing groundwater pumping by up to 1,000 AFY. 
Project Status: The expansion of the distribution facilities project is currently under review by BCID Board of Directors. Construction is expected to begin in 2023 and be completed by 2030.""",Page 10-4 / 10.2.1,"The in lieu recharge project (replace groundwater with surface water) above would increase the access to surface water for 500 acres of ag land, but this would not increase the overall supply of water to the basin "
Lauren,,,,,"Do they evaluate whether Project and Management Actions close the gap for current and projected sustainable yield (e.g., overdraft as compared to the projected sustainable yield)? ","sustainable yield, overdraft, balance",Yes,"The water budgets for the Subbasin show that it is currently within balance and that projected conditions with climate change results in only a slight imbalance of about 800 AFY (refer to Chapter 7 – Water Budgets). One project is planned that can bring the water budget into balance and within its sustainable yield. Therefore, with these conditions this GSP does not intend to curtain groundwater use. Two supplemental projects are also under consideration in case physical measurements require additional management actions.
&&
""Project 1: Reduction of Groundwater Pumping 
Project Description: This project will consist of expansion of the BCID distribution facilities to provide surface water to up to about 500 acres of agricultural land that is currently solely reliant on groundwater. The project requires construction of new lateral pipelines, establishment of new turnouts to deliver water to the agricultural properties, and enlargement of a pump station tied to an existing main lift canal. 
Measurable Objective Expected to Benefit: This project addresses chronic lowering of groundwater levels in the Subbasin by reducing groundwater pumping by up to 1,000 AFY. 
Project Status: The expansion of the distribution facilities project is currently under review by BCID Board of Directors. Construction is expected to begin in 2023 and be completed by 2030.""","Page 3-54 / 3.15
Page 10-4 / 10.2.1","This project is aimed at minimizing GW storage/lowering of GW levels; they acknowledge that the climate change scenario used in their projections would cause a deficit, and this is their solution to bring the water budget back into balance. See also: Table 10-2 in Section 10.3
"
Lauren,,,,,Does the GSP reference / propose any new water markets in the basin?,water market,No,,,
Lauren,,,,,"Does the GSP identify the potential impact of climate change on obtaining/crossing thresholds for Sustainable Management Criteria (e.g., as a driver of undesirable result or potential reason for crossing a minimum threshold)?",climate change,Yes,"Groundwater modeling results for projected conditions and with climate change were also considered during the development of minimum thresholds. Many of the model calibration wells are representative wells selected for this GSP and thus their projected difference in groundwater levels were also used during consideration to establish minimum levels. The model projected some groundwater levels to decline by 1 to 7 feet. Some selected representative monitoring wells were not in the model calibration and therefore to remain similar to other modeling results the groundwater levels were forecasted to be lower by 2 to 3 feet.
&&&
The water budgets for the Subbasin show that it is currently within balance and that projected conditions with climate change results in only a slight imbalance of about 800 AFY (refer to Chapter 7 – Water Budgets). One project is planned that can bring the water budget into balance and within its sustainable yield. Therefore, with these conditions this GSP does not intend to curtain groundwater use. Two supplemental projects are also under consideration in case physical measurements require additional management actions.
&&
Historical and future surface water depletion were evaluated using a groundwater model (refer to Chapter 7 – Water Budgets). The groundwater model for projected with climate change suggests that surface water depletion will increase (combination of increased surface water inflow and a decrease of surface water discharges). As discussed in this chapter there are some uncertainties in the model (Chapter 7.8 – Opportunities for Improvements) that once resolved may reduce this projected surface water depletion. Until the groundwater model and water budget are validated the amount of projected surface water depletion cannot be relied upon and minimum thresholds and measurable objectives were established near historic levels.","Page 9-6, Page 3-54 / 3.15
Page 9-29 / 9.8.1","The GSP mentions that they use the projected model with climate change incorporated to set minimum thresholds for groundwater elevations. Climate change acknowledged to likely cause a budget deficit, as well as potentially playing a role in depletions of ISWs. "
Lauren,,,,,"Does the GSP includes details on coordination with water quality control programs (e.g., Regional Water Quality Control Board, CV-Salts)?","Regional Water Quality Control Board (RWQCB), CV-Salts",Somewhat,"In response, the San Joaquin County & Delta Water Quality Coalition was established to help irrigated agriculture meet the requirements of the California Regional Water Quality Control Board’s (RWQCB) Irrigated Lands Regulatory Program (ILRP) in San Joaquin County (including all of the Subbasin), Calaveras County, and Contra Costa County. The Coalition is operated and governed by the San Joaquin County Resource Conservation District. The Central Valley Regional Water Quality Control Board (CVRWQCB) approved a new General Order for the San Joaquin County and Delta Watershed area on March 12, 2014.
&&
In 2018, the CVRWQCB prepared a Water Quality Control Plan for the Sacramento and the San Joaquin River Basins (Basin Plan) along with subsequent amendments (CVRWQCB, 2018). The objective of the Basin Plan is to show how the quality of the surface water and groundwater in the San Joaquin and Sacramento regions should be managed to provide the highest water quality reasonably possible...
...Water Quality Objectives for both groundwater (drinking water and irrigation) and surface water are provided in the Basin Plan.","Page 3-39 / 3.9.5
Page 3-41 / 3.9.6","The basin established a water quality coalition in order to abide by CVRWQCB requirements, and water quality objectives meet standards (see Table 9-3, page 9-20), but no details on coordination or specific actions are mentioned beyond that"
