Unnamed: 0,GENERAL,Unnamed: 2,General Notes ,Unnamed: 4,Unnamed: 5,Unnamed: 6,GSP Information,Answer,Unnamed: 9,Unnamed: 10,Unnamed: 11,Unnamed: 12
,,,"Overall, this GSP lacks detail and does not adequately address DACs, GDEs, and ISWs. There is no groundwater extraction from the shallow alluvial aquifer (50-100 feet thick - page 63) in the Mound Basin. As a result, the GSP does not go into depth on ISWs or GDEs becuase the assumption is that groundwater production in the basin will have no significant effects on surface water and GDEs. GDE and ISWs are not considered when defining undesirable results, minimum thresholds, or in the management and implementation plans. This is flawed logic because the shallow groundwater is likely connected to the surface water and provides baseflow for the Santa Clara River- making it a principle aquifer according to SGMA definitions. The GSP does not account for the possibility of future pumping from the shallow principle aquifer. Also, the GSP states that the shallow aquifer is vert poor-quality and feeds the baseflow of the Santa Clara River. If the water quality in the shallow aquifer is very poor, what does that mean for GDEs? Overall, the GSP seems to be lacking in many areas specifically with DACs and the Environment/GDEs. The GSA has an environmental representative on their board yet the plan severely lacks considerations for the environment and frequently uses the absence of data as a means to dismiss certain environmental processes such as interconnected surface water. There are very few considerations for DACs. They are represented by the city rather than actual DAC members.            
                
                
                
                
                
                
                
                ",,,,GSP ID,17,,,,
,,,,,,,GSA Name,Mound Basin GSA,,,,
,,,,,,,Subbasin Name,SANTA CLARA RIVER VALLEY - MOUND,,,,
,,,,,,,Consultant,,,,,
,,,,,,,GSP version,Draft,,,,
,,,,,,,Acreage of GDEs per basin,227,,,,
,,,,,,,DAC Population,13206,,,,
,,,,,,,Tribal population,0,,,,
,,,,,,,Acreage of Managed Wetlands,No Data,,,,
,,,,,,,Point Contact Name,Becky,,,,
Coding Sections,GSP Plan Element,,Topic,Level,Criteria,Spectrum,Key Search Terms,Answer,Relevant Text from GSP,GSP Page / Section,Notes,
Stakeholder,PLAN AREA,,DACs,1,"Does the GSP document how DAC stakeholders were given opportunities to engage in the GSP development process? If so, please describe the level of engagement (e.g., whether stakeholders were on an advisory committee, GSA board, working group) in the Notes. Answer according to level of engagement: Yes = Involve, Collaborate, Empower; Somewhat = Inform and Consult; No = No mention of engagement. ","No = no reference to DACs, no reference to stakeholder engagement during development 
somewhat=  no specific reference to DAC engagement but lists DAC as a stakeholder, provides stakeholder engagement details 
Yes= references DACs and how they were engaged specifically during development beyond informing DACs
","Disadvantaged Communit*, DAC, stakeholder, beneficial user",Somewhat,"Disadvantaged Communities: The City of Ventura (Ventura Water) serves the areas indicated by DWR as Disadvantaged Communities (DACs) and Severely Disadvantaged Communities (SDACs). As the water supplier for DACs in the Basin, the City represented DAC interests through its participate on the MBGSA Board of Directors. In addition, direct outreach to DACs was accomplished via Ventura Water bill stuffers and newsletters, including materials provided in Spanish.",2021-02-24 00:00:00,"1. DAC's identified? (yes/no): YES
2. If yes, which level of engagment: Engagement = Inform
3. Evidence/strategies listed for level of engagement:

The GSP briefly discusses DACs present within the Plan area, and states that the City of Ventura represents DACs in the MBGSA Board of Directors. There is no other documentation on what this representation looks like. More information is needed. ",
Stakeholder,,,Tribes,1,"Does the GSP document how tribal stakeholders were given opportunities to engage in the GSP development process? If so, please describe the level of engagement (e.g., whether stakeholders were on an advisory committee, GSA board, working group) in the Notes. Answer according to level of engagement: Yes = Involve, Collaborate, Empower; Somewhat = Inform and Consult; No = No mention of engagement. ","No = no reference to Tribes , no reference of stakeholder engagement opportunities
Somewhat= No specific Tribe engagement described, lists Tribes as stakeholders, includes stakeholder engagement details
Yes = reference to Tribes in the Basin, documents targetted engagment opportunities for Tribal stakeholders beyond informing","Tribal, tribe, stakeholder, beneficial user",Somewhat,"California Native American Tribes: The Agency ensured that a representative of overlying California Native American tribes was on the Agency’s interested parties list, in order to receive notices of all Agency meetings and other stakeholder involvement opportunities.


&&

Portions of the Barbareno-Ventureno Band of Chumash are located within the Mound Basin. Although the tribe is not subject to the requirements of SGMA, any federally recognized Indian tribe may voluntarily participate with GSAs in the preparation or administration of a GSP. MBGSA will inform the Tribal Elder, Julie Tumamait, throughout the GSP development process and GSP implementation.",2021-02-24 00:00:00,"1. Tribes identified? (yes/no): YES
2. If yes, which level of engagment: Engagement = Inform
3. Evidence/strategies listed for level of engagement:

Several tribes have been identified as stakeholders for this GSP and at least one tribe elder is being notified about GSP development and implementation. No other information is given about further engagement about other tribes. ",
Stakeholder,,,Ecosystems,1,"Does the GSP document how environmental stakeholders were given opportunities to engage in the GSP development process? If so, please describe the level of engagement (e.g., whether stakeholders were on an advisory committee, GSA board, working group) in the Notes. Answer according to level of engagement: Yes = Involve, Collaborate, Empower; Somewhat = Inform and Consult; No = No mention of engagement. ","No= does not identify environmental stakeholders or documents engagement opportunies for stakeholders
Somewhat= identifies environmental users as stakeholders but does not include targetted engagement opportunities for them. Only provides details on engagement opportunities for ALL stakeholders listed. 
Yes= identifies environmental users as stakeholders, includes targetted engagement opportunities for them beyond informing them","environment, stakeholder, environmental beneficial user",Somewhat,"Environmental Users of Groundwater: There are several environmental organizations dedicated to preserving and maintaining environmental values operating within the boundaries of the Basin. To account for these users’ interests, the Agency designated a seat on its fivemember governing board to be filled by an Environmental Stakeholder Director. The Environmental Stakeholder Director is appointed from nominations received from local environmental nonprofit organizations supportive of the Basin’s groundwater sustainability. The Environmental Stakeholder Director is responsible for engaging stakeholders within the Basin and representing environmental interests before the Agency.

&&

MBGSA is governed by a five-member board comprised of one director appointed by each member public agency (City of San Buenaventura, the County of Ventura, and United) and two stakeholder directors representing agricultural and environmental interests.","2-24
2-4","
1. Environmental Stakeholders identified? Specific Environmental Stakeholders were not identified, instead the GSP uses vaue language to capture the image of multiple environmental organiztions being involved in the GSP development. 
2. Which level of engagment: Engagement = Inform 
3. Evidence/strategies listed for level of engagement:
Although the GSP discusses having 1 of the 9 board members of the GSP Advisory Committee being an environmental stakeholder, they do not specificy which organization it is or who the environmental stakeholder is. ",
Stakeholder,,,DACs,2,"Does the Stakeholder Communication and Engagement Plan or GSP include outreach to DACs during GSP implementation? If so, please describe the level of engagement in the Notes. Answer according to level of engagement: Yes = Involve, Collaborate, Empower; Somewhat = Inform and Consult; No = No mention of engagement.","No= does not document implementation outreach for stakeholders, does not identify DACs as stakeholders(when they are present)
Somewhat= Identifies DACs as stakeholders, outlines outreach to stakeholders (not DAC-specific)
Yes=Identifies DACs as stakeholders, includes DAC-specific outreach (beyond informing)","Disadvantaged Communit*, DAC, stakeholder, beneficial user",Somewhat,"4 OUTREACH ACTIVITIES MBGSA will implement the following outreach activities to maximize stakeholder involvement during the development of the GSP and throughout SGMA implementation. 4.1 Public Notices To ensure that the general public is apprised of local activities and allow stakeholders to access information, SGMA specifies several public notice requirements for GSAs. Refer to Table 1 in Appendix A for a summary of statutory requirements. Three sections of the California Water Code require public notice before establishing a GSA, adopting (or amending) a GSP, or imposing or increasing fees: 4.2 Stakeholder Identification Pursuant to Water Code Sections 10723.8(a)(4) and 10723.2, the Agency will consider the interests of all beneficial uses and users of groundwater, as well as those responsible for implementing a GSP. MBGSA has engaged stakeholders in the development of the Agency to serve as the GSA. For example, during development of the joint powers authority agreement (“JPA Agreement”) forming the Agency, the signatory members held numerous public meetings to discuss important terms to be included in the JPA Agreement. The signatory members also held multiple stakeholder outreach meetings to engage and educate stakeholders within the Mound Basin about the SGMA requirements the JPA Agreement, and the Agency’s intention to form a GSA for the Mound Basin. In addition to the Agency’s public outreach efforts, it also designated two seats on its five-seat Board of Directors for Stakeholder Directors: one seat is reserved for an Agricultural Stakeholder Director and one seat is reserved for an Environmental Stakeholder Director. The Agency plans to continue its practice of seeking broad stakeholder engagement in management of the Mound Basin’s groundwater resources as it undertakes the process to develop
and implement the Plan for the Mound Basin over the next several years. SGMA mandates that a GSA establish and maintain a list of persons interested in receiving notices regarding plan preparation, meeting announcements, and availability of draft plans, maps, and other relevant documents. The MBGSA compiled a list of interested persons for this purpose that will be maintained throughout the GSA formation and GSP development phases. An initial list of stakeholders and interested parties include, but are not limited to, the following: ","Appendix D, Page 4","1. Documents outreach plans to stakeholders? (yes/no) YES
2. List specific outreach methods for DACs?  ( yes/no) NO
3. What level of outreach engagement? 

Engagement= Inform 
Most of the engagement and outreach methods listed by the GSP during implementation consist of informing all stakeholders. Does not include any targetted outreach to DACs, Tribes, or Environmental Groups. ",
Stakeholder,,,Tribes,2,"Does the Stakeholder Communication and Engagement Plan or GSP include outreach to tribes during GSP implementation? If so, please describe the level of engagement (e.g., whether stakeholders were on an advisory committee, GSA board, working group) in the Notes. Answer according to level of engagement: Yes = Involve, Collaborate, Empower; Somewhat = Inform and Consult; No = No mention of engagement.","No= does not identify Tribes as stakeholder (when present or ackowledged within the basin), does not outline outreach methods
Somewhat= might/might not identify Tribes as stakeholder, or reference to Tribal members present in basin but have not Tribe-specific outreach outlined, only general stakeholder outreach 
Yes= Identifies Tribes as stakeholders, includes outreach specific for Tribal stakehodlers explicitly (beyond informing)","Tribal, tribe, stakeholder, beneficial user",Somewhat,"4 OUTREACH ACTIVITIES MBGSA will implement the following outreach activities to maximize stakeholder involvement during the development of the GSP and throughout SGMA implementation. 4.1 Public Notices To ensure that the general public is apprised of local activities and allow stakeholders to access information, SGMA specifies several public notice requirements for GSAs. Refer to Table 1 in Appendix A for a summary of statutory requirements. Three sections of the California Water Code require public notice before establishing a GSA, adopting (or amending) a GSP, or imposing or increasing fees: 4.2 Stakeholder Identification Pursuant to Water Code Sections 10723.8(a)(4) and 10723.2, the Agency will consider the interests of all beneficial uses and users of groundwater, as well as those responsible for implementing a GSP. MBGSA has engaged stakeholders in the development of the Agency to serve as the GSA. For example, during development of the joint powers authority agreement (“JPA Agreement”) forming the Agency, the signatory members held numerous public meetings to discuss important terms to be included in the JPA Agreement. The signatory members also held multiple stakeholder outreach meetings to engage and educate stakeholders within the Mound Basin about the SGMA requirements the JPA Agreement, and the Agency’s intention to form a GSA for the Mound Basin. In addition to the Agency’s public outreach efforts, it also designated two seats on its five-seat Board of Directors for Stakeholder Directors: one seat is reserved for an Agricultural Stakeholder Director and one seat is reserved for an Environmental Stakeholder Director. The Agency plans to continue its practice of seeking broad stakeholder engagement in management of the Mound Basin’s groundwater resources as it undertakes the process to develop and implement the Plan for the Mound Basin over the next several years. SGMA mandates that a GSA establish and maintain a list of persons interested in receiving notices regarding plan preparation, meeting announcements, and availability of draft plans, maps, and other relevant documents. The MBGSA compiled a list of interested persons for this purpose that will be maintained throughout the GSA formation and GSP development phases. An initial list of stakeholders and interested parties include, but are not limited to, the following:","Appendix D, Page 4","1. Documents outreach plans to stakeholders? (yes/no) YES
2. List specific outreach methods for Tribes?  (yes/no) NO
3. What level of outreach engagement? 

Engagement= Inform 
Most of the engagement and outreach methods listed by the GSP during implementation consist of informing all stakeholders. Does not include any targetted outreach to DACs, Tribes, or Environmental Groups. ",
Stakeholder,,,Ecosystems,2,"Does the Stakeholder Communication and Engagement Plan or GSP include outreach to environmental stakeholders during GSP implementation? If so, please describe the level of engagement in the Notes. Answer according to level of engagement: Yes = Involve, Collaborate, Empower; Somewhat = Inform and Consult; No = No mention of engagement.","No=does not identify environmental users as stakeholders, does not outline outreach methods 
Somewhat=identifies environmental stakeholders, outlines only general stakeholder outreach, not specific to environmental stakeholders
Yes=Identifies environmental stakeholders, includes outreach material for env stakeholders specifically beyond informing","environment, stakeholder, environmental beneficial user",Somewhat,"4 OUTREACH ACTIVITIES MBGSA will implement the following outreach activities to maximize stakeholder involvement during the development of the GSP and throughout SGMA implementation. 4.1 Public Notices To ensure that the general public is apprised of local activities and allow stakeholders to access information, SGMA specifies several public notice requirements for GSAs. Refer to Table 1 in Appendix A for a summary of statutory requirements. Three sections of the California Water Code require public notice before establishing a GSA, adopting (or amending) a GSP, or imposing or increasing fees: 4.2 Stakeholder Identification Pursuant to Water Code Sections 10723.8(a)(4) and 10723.2, the Agency will consider the interests of all beneficial uses and users of groundwater, as well as those responsible for implementing a GSP. MBGSA has engaged stakeholders in the development of the Agency to serve as the GSA. For example, during development of the joint powers authority agreement (“JPA Agreement”) forming the Agency, the signatory members held numerous public meetings to discuss important terms to be included in the JPA Agreement. The signatory members also held multiple stakeholder outreach meetings to engage and educate stakeholders within the Mound Basin about the SGMA requirements the JPA Agreement, and the Agency’s intention to form a GSA for the Mound Basin. In addition to the Agency’s public outreach efforts, it also designated two seats on its five-seat Board of Directors for Stakeholder Directors: one seat is reserved for an Agricultural Stakeholder Director and one seat is reserved for an Environmental Stakeholder Director. The Agency plans to continue its practice of seeking broad stakeholder engagement in management of the Mound Basin’s groundwater resources as it undertakes the process to develop and implement the Plan for the Mound Basin over the next several years. SGMA mandates that a GSA establish and maintain a list of persons interested in receiving notices regarding plan preparation, meeting announcements, and availability of draft plans, maps, and other relevant documents. The MBGSA compiled a list of interested persons for this purpose that will be maintained throughout the GSA formation and GSP development phases. An initial list of stakeholders and interested parties include, but are not limited to, the following:","Appendix D, Page 4","1. Documents outreach plans to stakeholders? (yes/no) YES
2. List specific outreach methods for Environmental stakeholders?  (yes/no) NO
3. What level of outreach engagement? 

Engagement= Inform 
Most of the engagement and outreach methods listed by the GSP during implementation consist of informing all stakeholders. Does not include any targetted outreach to DACs, Tribes, or Environmental Groups. ",
Stakeholder,,,All,2,Does the GSP include a Stakeholder Communication and Engagement Plan?,"No= does not include a C&E plan
Yes= includes specific section in GSP  dedicated to Stakeholder C&E
","Stakeholder community and engagement plan, beneficial user",Yes,"In addition to the high degree of direct stakeholder representation on the MBGSA Board of Directors, the MBGSA found it important to develop and implement a SEP to seek, encourage, and consider as much public input on the GSP as possible and to ensure compliance SGMA requirements (Appendix D).","Appendix D
2-22",Appendix D outlines the Communications and Engagement Plan. ,
Stakeholder,,,DACs,1,Does the GSP identify each DAC by name and location on a map? ,"No= does not identify DACs by name, does not identify DAC locations on a map
Somewhat=identifies DAC location on a map or DAC by name (one or the other, not both)
Yes=Identifies DAC location on a map and identifies them by name(re: DAC name-- in text or map))","Disadvantaged Communit*, DAC",Somewhat,,"Appendix D, Figure 1","1. Location on the map? (yes/no) YES
2. Identified by name? (yes/no) NO
3. DAC places, tracks, or block data used in map? Block Groups and Tracts were used in map. 

A map is provided in Appendix D, listed as Figure 1 but is not discussed any further. It is only listed after the appendix but no context is provided. No names of specific DACs is mentioned either. ",
Stakeholder,,,Tribes,1,Are tribal lands identified and mapped in the basin?,"No=does not identify Tribal lands on a map, or references in the text
Somewhat=Tribal lands are identified in text but not mapped OR Tribal lands are mapped but not identified in text
Yes=Tribal lands are identified in text and mapped","tribal, tribe",No,,,"1. Tribal lands identified? (yes/no) Yes, although tribes are identified, no other information is presented about their locations. 
2. Tribal lands mapped? (yes/no) NO
",
Stakeholder,,,DACs,2,Does the GSP describe the size of the population in each DAC?,"No=no reference to DAC population
Somewhat= Includes a population map and references DAC seperately
Yes= DAC population is explicitly mentioned or mapped","Disadvantaged Communit*, DAC, population",No,,,"1. Does the GSP document the size of the population for each DAC?
No documentation of DAC population. ",
Stakeholder,,,DACs,2,"Does the GSP map minimum well depth, or depth range, of domestic wells?","No= no map and no reference of well depth, depth range of domestic wells in text; 
Map of domestic wells (point or density map of DOMESTIC wells) but no depth details in map or text
Somewhat= no map but range of depths and reference to number of domestic wells
Yes= map with DOMESTIC depths (density points or data, either in text or in map)",domestic well,No,,,"1. Does the map include depth by location?

No menton of domestic well depth. ",
Stakeholder,,,DACs,2,Does the GSP map the density of domestic wells in the basin?,"No= no map of domestic wells, reference of domestic well density in text but no map provided, or no reference at all 
Yes= density map of Domestic wells
 ",domestic well,No,,,"1. How are domestic wells mapped (density/point/none)?

Domestic wells are not mapped. ",
WQ,,,All,,"In the Basin Setting (Groundwater Conditions - Water Quality) section of the GSP, are water quality contaminants or constituents of concern (e.g., Nitrates; Arsenic, Uranium; DBCP; 1,2,3-TCP; Chromium-6; Perchlorate; Particulate Organic Carbon (POC); Brackish water (TDS; salts)) identified and mapped (distribution or contaminant plumes) within the plan area? In the Notes, please specify which contaminants or constituents of concern are present in the basin, and whether (distribution or contaminent plume) maps and trends were provided for each. Answer Yes =  contaminants are identified, mapped, and spatial trends described in the text; Somewhat = contaminants are identified and/or mapped, but not all spatial trends of contaminants are provided; No = No contaminants are / are not identified and mapped, and no spatial trends of contaminants are provided.","no = no water quality evaluation, no mapping spatially or description of temporal trends 
somewhat = Only come COCs mapped/trends describe, don't mention data for non-COCs
 yes = COC's have been clearly stated, mapped and temporal trends described, reason for high COC's have been stated","Nitrate; Arsenic, Uranium; DBCP; 1,2,3-TCP; Chromium-6; Perchlorate; Particulate Organic Carbon (POC); Brackish water; constituents of concern (COC); water quality; Contaminants",Yes,"Available groundwater quality data and existing technical studies were reviewed to understand the age, major-ion chemistry, and spatial and temporal trends in key groundwater quality indicator constituents, such as total dissolved solids (TDS), sulfate, chloride, and nitrate, in the principal aquifers of Mound Basin. Groundwater quality data are available from wells screened in three HSUs in Mound Basin: the fine-grained Pleistocene deposits, Mugu Aquifer, and Hueneme Aquifer. Maps of recent (2017) concentrations of the key indicator constituents and time-series graphs of historical concentrations detected at selected wells are shown on Figures 3.1-12 through 3.1-25. Water quality data for 2017 (VCWPD, 2021) were selected for these maps because 2017 was the most recent year when a relatively large number of Mound Basin wells was sampled; fewer wells were sampled in 2018 by VCWPD due to staffing issues). The major-ion chemistry of the HSUs is shown using stiff diagrams on Figures 3.1-21 through Figure 3.1-23. Comparison of the stiff diagrams reveals that groundwater in the fine-grained Pleistocene deposits has a very different chemistry than groundwater in the principal aquifers (Mugu and Hueneme aquifers). Groundwater in the fine-grained Pleistocene deposits is 3 to 5 times more mineralized and has a different or-ion signature than groundwater in the Mugu and Hueneme aquifers.","Page 45-46 / 3.1.4.3 / Figures 3.1-12 through 3.1-25
Table 3.1-03","1. Are all concerning constituents identified as COC's, Yes/No -->which ones? Yes, TDS, sulfate, chloride, nitrate 
2. Are the COC's mapped? Yes
3. Is there spatial trend data for all COC's? Yes
4. Are constitues which are not of concern identified? No
5. Is there a data gap/ Or not enough data related COC's? No mention

Figures 3.1-12 through 3.1-19 show TDS, sulfate, chloride, and nitrate concentrations in the Hueneme and Mugu Aquifers by monitoring location and concentration level. All major contaminents quality needs to be listed as they have been reviewed, need to have a clear table to show contaminents even if they are not of concern in this basin. 


",
WQ,,,DACs,2,Does the GSP identify the water source for DACs?,"No= no mention fo DACs and their source
Somewhat= general reference to DACs, and general source reference
Yes=Explicit naming of DAC & Source","Disadvantaged Community*, DAC",Somewhat,"As described in Section 3.1.1.3 and summarized the beginning of Section 3.3, surface water is imported to Mound Basin via pipeline from Casitas MWD by the City of Ventura for use within the Casitas MWD service area (Figure 2.2-01).",Figure 2-2.01 / GSP Figures Document Page 5 of 87,"The figure provided shows the groundwater supply wells and approximate communities mapped that rely on groundwater supply. Although DACs are not specifically mapped in this figure, we can use the DAC map provided in Figure 1 od Appendix D to identify communities that rely on groundwater.  It would be more effective to have DACs mapped here to see the direct relationship. ",
ISW/GDE,BASIN SETTING,Interconnected Surface Waters (ISW),Environment,1,"Are gaining and losing reaches adequately assessed spatially and temporally (e.g., groundwater levels (from proximate wells to streams and sufficient density of wells along streams) compared with stream elevation; numerical modelling)? If so, please describe the approach used in the Notes. "," no map or description = no
1)includes map but data from one point in time was used, 2)includes map but no clear description of methodology = somewhat
 ISW map and ISWs were delineated using multiple water year types AND description of temporal variability= yes","Interconnected surface water, ISW, gaining, losing",No,"Data are not available to characterize the interconnection of Santa Clara River surface water and groundwater. Although the frequent perennial baseflow conditions imply that surface and groundwater is interconnected, it is not known specifically which groundwater in which units are connected and where && Surface water flow in the various barrancas crossing Mound Basin in response to precipitation events may be briefly interconnected with the shallow alluvial aquifer or perched groundwater, but this cannot be verified with available data.",Page 67 and 68 / 3.2.6,"1. Is there a clear map of ISWs? no map included
2. Was temporal variability and used and described? no
3. Methods: Are there sufficient data (well locations in proximity to streams, well density, screening depths) to inform assessment? No - very little information is given about the location of stream gauges and groundwater well, screening depths, and dates of data used in analysis. The plan states that data is unavailable, but still characterizes the basin",
ISW/GDE,,,Environment,1,"Are the conclusions of ISWs (e.g., no ISWs, some gaining/losing/disconnected) consistent with the assessment? Please describe details in the Notes.","1) no conclusions due to lack of data 2) vague and contradictory conclusions that do not make sense with the assessment 3) concrete conclusions made off of little to no evidence or data. = no
conclusions lacks some detail and evidence to support claims = somewhat
 the conclusions are coherent with the analysis and available data= yes","Interconnected surface water, ISW, gaining, losing",No,"Available data do not suggest depletion of interconnected surface water systems within Mound Basin caused by groundwater use. The following paragraphs describe available information regarding groundwater-surface water interaction that support this conclusion.
&&
Surface bodies in the Mound Basin include the Santa Clara River and its estuary and several smaller, ephemeral streams (barrancas). The Santa Clara River has perennial baseflow within its reach that spans the Mound Basin. The perennial baseflow is fed by shallow groundwater and tile drain discharges from the Mound and Oxnard Basins. The barrancas are ephemeral and flow in response to storm events and, hence, may only be transiently interconnected with shallow groundwater. Despite the interconnection with shallow groundwater, there is no depletion of interconnected surface water in the Basin because there are no groundwater extractions from the shallow groundwater units and groundwater in the principal aquifers is physically separated from the surface water bodies by several hundred feet of fine- grained materials. No groundwater dependent ecosystems (GDEs) have been identified in the Basin that appear to be relying on groundwater from a principal aquifer. 
&& 
Data are not available to characterize the interconnection of Santa Clara River surface water and groundwater. Although the frequent perennial baseflow conditions imply that surface and groundwater is interconnected, it is not known specifically which groundwater in which units are connected and where. 
&&
It is possible that the principal interconnection with the Santa Clara River in Mound Basin could be limited to perched groundwater in the stream terrace deposits. 
&& 
Regardless of the questions and uncertainty surrounding interconnection of shallow aquifer and/or stream terrace groundwater with the Santa Clara River baseflow, it can be concluded that there is no depletion of interconnected surface water in this area because neither unit has any known groundwater extractions within Mound Basin. ",Page ES-vi/ ES-2 && Pages 67 and 68 / 3.2.6,"1. Are ISWs mapped in the basin? no
2. Is the mapping consistent with the assessment? No - no map. The plan concludes that there is not enough data to describe or understand ISWs in the basin and states that because the shallow aquifer is not the main pumping aquifer, the possible ISWs are not significant.",
ISW/GDE,,,Environment,1,"Are all shallow principal aquifers acknowledged in defining ISW? Note: if there is only one unconfined aquifer in the basin, consider this aquifer as the shallow aquifer.","no aquifers are acknowledged (no groundwater data); shallow aquifer is acknowledged, but not considered principle for reasons like not the main pumping aquifer = no
All principal shallow aquifers are not acknowledged in ISW section (if multiple exist) = somewhat
Adequate data from shallow aquifer(s) is used in defining ISWs and all principal shallow aquifers are acknowledged= yes","principal aquifer, shallow ",No,"Furthermore, SSP&A (2020) concluded that there is no significant evidence for interactions between groundwater in the principal aquifers and shallow groundwater, which
is consistent with the several hundred feet of fine-grained materials that lie between the shallow aquifer and the principal aquifers near the Santa Clara River
&&
Regardless of the questions and uncertainty surrounding interconnection of shallow aquifer and/or stream terrace groundwater with the Santa Clara River baseflow, it can be concluded that there is no depletion of interconnected surface water in this area because neither unit has any known groundwater extractions within Mound Basin. ",Page 68 / 3.2.6,"1. Are all shallow aquifers acknowledged in the ISW section (if multiple exist)? Yes - ISW section mentions the ""shallow aquifers"" and ""principal aquifer""
2. Does the plan consider the shallow aquifer(s) as principal aquifer(s)? No
",Changed from somewhat to no because the plan does not consider shallow aquifer as principal aquifer
ISW/GDE,,,Environment,2,Were data gaps identified when mapping ISWs?,"no data gaps identified when there is an obvious lack of data = no
1) Vague and/or confusing mention of lacking information 2) Mention of ISW data gaps in separate section in GSP. = somewhat
Clear description of where data gaps exist (temporally and spatially) in ISW section or Data Gaps Section following the assessment= yes","Interconnected surface water, ISW",Somewhat,Data are not available to characterize the interconnection of Santa Clara River surface water and groundwater,Page 67 / 3.2.6,"1. Were data gaps identified? Somewhat - data gaps are not explicity mentioned but the plan does acknolwedge that data is not available 
2. Were the data gaps identifed in the ISW section? Somewhat",Changed from no to somewhat because the plan does acknowledge their lack of availablity of data although it is not a clear identification of data gaps
ISW/GDE,,,Environment,2,"In the case of data gaps and uncertainty, were streams mapped and described as potential ISWs in the GSP? If ISWs are adequately mapped and there is no uncertainty in the ISW mapping, then select ""Not Applicable"".","no description or map of potential ISWs = no
1) partial inclusion of potential ISWs 2) only a description but no map or vice versa = somewhat
All uncertainties and data gaps are clearly described and mapped temporarily and spatially= yes","Interconnected surface water, ISW, data gap",No,,,1. Is there a map AND description of pISW? No clear descriptions or maps of ISWs and/or potential ISWs,
ISW/GDE,,Groundwater Dependent Ecosystems (GDE),Environment,1,"Is there an inventory, map, or description of fauna (e.g., birds, fish, amphibian) and flora (e.g., plants) species or habitat types in the basin's GDEs? Please indicate in the notes if threatened and endangered species are identified in the GSP.","No description of flora and fauna in GDEs = no
1) lacking in either maps/description/inventory of flora and/or fauna 2) no mention of endandgered/threatened species= somewhat
Detailed inventory, maps, or description of flora AND fauna in GDEs. Also, Inclusion of any threatened and/or endangered species in the basin.= yes","groundwater dependent ecosystem, groundwater-dependent ecosystem, GDE, habitat, species",Somewhat,,Figures G -2 through G-12 in appendix G,"1. Does the plan present the flora AND fauna in the basin's GDEs? Habitat types? Somewhat - Appendix G discussed and mapped the vegeation in each potential GDE from the NC dataset. No inventory or description of fauna. 
2. Does the plan acknowledge endangered/threatened/special status species in GDEs? no",
ISW/GDE,,,Environment,1,"Were GDEs in the basin identified (mapped) and described in the GSP using best available data (e.g., NC dataset, localized VegMap data)? Please describe which data were used in the Notes.","No map of GDEs (or wetlands, riparian veg, etc.) = no
1) Map of NC dataset polygons with NDMI but no specific GDE maps, 2) Maps of GDEs but unclear data/methods used = somewhat
GSP used NC dataset or a localized vegMap to describe and map GDEs = yes","groundwater dependent ecosystem, groundwater-dependent ecosystem, GDE, NC dataset, VegMap",Yes,"Figure 3.1-11 shows areas of iGDEs mapped in Mound Basin. A map of each numbered iGDE area is presented in Appendix G, indicating the NCCAG class or classes mapped. Each iGDE was screened in general accordance with TNC recommendations to evaluate groundwater dependency (TNC, 2018). The screening results are presented in Appendix G. 
&&
This appendix presents the screening results for the 11 areas of mapped “indicators of groundwater dependent ecosystems” (iGDEs) within the Mound Basin (Areas 1 through 11) (Figure G-1). Figures G-2 through G-12 include aerial imagery and mapping of specific “vegetation types commonly associated with the sub-surface presence of groundwater” and “wetland features commonly associated with the surface expression of groundwater under natural, unmodified conditions” (CNRA, 2020) within each of Areas 1 through 11. As noted in the Mound Basin Groundwater Sustainability Plan (GSP, Section 3.2.7), mapping of iGDEs is recommended as a starting point for the identification and analysis of potential groundwater dependent ecosystems (pGDEs) under SGMA (Klausmeyer et al., 2018). Determining whether an iGDE is actually a groundwater dependent ecosystem (GDE) requires local-scale information regarding land use, groundwater levels, surface water hydrology, and geology. That local-scale information is provided in this appendix, together with an evaluation of whether each iGDE is dependent on groundwater from a principal aquifer in Mound Basin.",Page 69 / 3.2.7 && Page 1 / appendix G; Figure 3.1-11,"1. Is there a map? yes - figure 3.1-11 presents iGDEs
2. Is there a description of data sources and processing? (describe in notes) yes - appendix G goes through each iGDE and evaluates whether it is depended on groundwater or not. The plan seems to rely on aerial photos and topographic maps and makes claims about groundwater depths without any details. No mention of groundwater depths, stream flow, temporal data, or screening depths. ",
ISW/GDE,,,Environment,1,Was depth-to-groundwater data from the underlying principal aquifer used to verify the NC dataset?,"No groundwater depth data described = no
Groundwater measurements used but lack of detail in describing depth to groundwater data. Also there might be a lack of information on which aquifer the data is from. = somewhat
depth to groundwater is clearly used and description of spatial/temporal data is included = yes","groundwater dependent ecosystem, groundwater-dependent ecosystem, GDE, NC dataset, depth to groundwater",No,"It is unlikely that groundwater in these alluvial deposits is hydraulically connected with groundwater in the Hueneme and Fox Canyon Aquifers (which are present in the underlying San Pedro Formation), as groundwater elevations in the underlying aquifers are generally hundreds of feet below ground surface in the northern Mound Basin (see Section 3.2 of the Mound Basin GSP).",,"1. Is data from shallowest principal aquifer used? no - no active wells in shallow aquifer 
2. Is there a description of the data? (spatial, temporal, proximity to GDEs?) no

No mention of groundwater data in the descriptions of the 11 NC dataset GDE areas in appendix G
",
ISW/GDE,,,Environment,2,"Did the GSP avoid using any of the following criteria when deciding whether or not to remove NC dataset polygons from the final GDE map?: 1)Presence of Surface Water, 2)Distance from agricultural fields, 3)Principal aquifer was not considered main pumping aquifer, 4)groundwater connection % of time, 5)Other?  If so, please specify in the Notes. ","GSP uses one of the above criteria (or other illogical reason) to remove a potential GDE = no
Unclear whether or not plan used these criteria . = somewhat
The GSP does not include any of these criteria to remove a NC dataset polygon = yes","groundwater dependent ecosystem, groundwater-dependent ecosystem, GDE, NC dataset",No,"The iGDE mapped in Area 4 is coast live oak (CNRA, 2020), as shown on Figure G-5. The aerial imagery shown on Figure G-5 was obtained after the Thomas Fire burned the foothills north of Ventura in December 2017, which is why only grass and some small shrubs are apparent on Figure G-5. Review of older aerial imagery available in Google Earth in the vicinity of Area 4 indicates that trees and shrubs were more abundant prior to the Thomas Fire. Similar stands of trees and shrubs were also present outside of the mapped iGDE area in Sanjon Barranca and nearby drainages, most commonly in canyon bottoms and on north-facing slopes (some can be seen on Figure G-5) in areas where the underlying geology consists of landslide deposits or San Pedro Formation. Considering the absence of mapped springs or seeps, the substantial depth to groundwater in the underlying principal aquifers (Hueneme and Fox Canyon Aquifers), and the presence of the iGDE (trees and shrubs that may include coast live oak) on hillsides outside of Area 4, it is unlikely that the coast live oaks within Area 4 (or on the surrounding hillsides and canyons) are dependent on groundwater from a principal aquifer in Mound Basin. Therefore, the iGDE in Area 4 is not considered to be a GDE for the purpose of this GSP. && Inspection of the aerial imagery shown on Figure G-8 indicates the presence of subdivisions of singlefamily residences both east and west adjacent to Area 7. Farther upstream (in Sexton Canyon north of Foothill Road, beyond the field of view of Figure G-8) are approximately 150 acres of avocado orchards and additional residential development. Irrigation return flows from the adjacent and upstream Inspection of the aerial imagery shown on Figure G-8 indicates the presence of subdivisions of singlefamily residences both east and west adjacent to Area 7. Farther upstream (in Sexton Canyon north of Foothill Road, beyond the field of view of Figure G-8) are approximately 150 acres of avocado orchards and additional residential development. Irrigation return flows from the adjacent and upstream.",Page 3 of Appendix G && Page 4 and 5 of Appendix G ,"The GSP uses distance from agricultural or irrigated fields as a reason for not considering iGDE areas claiming that the iGDEs ""likely"" relying on irrigation return flows in shallow and perched aquifers and surface water flow, yet there is no evidence to prove this.  Also, the GSP claims that from aerial photographs the presense of similarly looking groups of vegetation in other areas other than the iGDE area is enough evidence to dismiss a iGDE. Area 11 was the only iGDE the GSP considered to be a potential GDE, yet the report claimed that pumping in the principle aquifers has no ""believed"" significant impact on Area 11, it was dismissed. On Page 8, the GSP acknowledges the possible connection between Area 11 iGDE and the shallow groundwater and states that a management action to monitor well permit applications proposed uses in the shallow groundwater around Area 11 will be included. The GDE should be considered throughout the GSP planning and development but was dismissed.",
ISW/GDE,,,Environment,2,"Were multiple water year types (e.g., wet, average, dry) of groundwater level data used to characterize groundwater conditions in the GDEs? If so, please indicate which years and water year types in the Notes.","Only 1 year of data or no data used to characterize gw conditions in GDE = no
The plan lacks a description of multi-year groundwater level data and/or only post-drought or post- SGMA benchmark data is used (after 2015)  = somewhat
1. Detailed explanation of the multi-year groundwater data used and 2. groundwater data from prior to recent drought = yes","groundwater conditions, groundwater dependent ecosystem, groundwater-dependent ecosystem, GDE, depth to groundwater, depth to water",No,,,"Note: 
water year type does not need to be explictely mentioned when groundwater data used multiple years of known wet and dry periods

No groundwater data provided",
ISW/GDE,,,Environment,2,Were depth-to-groundwater measurements under GDEs corrected for land surface elevations?,"depth to water measurements interpolated from wells = no
Model is said to use groundwater elevations, but did not state that they corrected for land surface elevation = somewhat
It is explicit that groundwater measurements used to verify GDEs are correct for land surface elevation = yes","DEM, digital elevation model, land surface elevation, depth to groundwater, GDE, groundwater dependent ecosystem",No,,,"1. Was a digital elevation model (DEM) or Lidar data used to correct for land surface elevation?

No groundwater data provided",
ISW/GDE,,,Environment,2,Were data gaps identified when mapping GDEs?,"No data gaps identified when there likely should be = no
Vague description of a lack of data or data gaps mentioned in other section of GSP = somewhat
Clear description of data gaps (spatial and temporal) in text and/or mapped = yes","groundwater dependent ecosystem, groundwater-dependent ecosystem, GDE, data gap, shallow monitoring well, shallow aquifer",No,,,"1. Were data gaps identified? No - Although the GSP mentioned multiple times that there is not enough evidence to prove a connection between groundwater and GDEs, no data gaps were identified and no plans to fill the lack of evidence was mentioned in GSP. 
2. Were the data gaps identifed in the GDE section? no",
ISW/GDE,,,Environment,2,"In the case of data gaps and uncertainty, were potential GDEs mapped and described in the GSP?","Potential GDEs are not mapped or described in plan  = no
Vague description of potential GDEs and/or no map; wrong methods for assuming non-GDEs = somewhat
Potential GDEs are clearly acknowledged and mapped. = yes","potential groundwater dependent ecosystem, potential GDE, potential groundwater-dependent ecosystem, data gap",Somewhat,"No groundwater dependent ecoystems (GDEs) have been identified in the Basin that appear to be relying on groundwater from a principle aquifer. 
&&
Given the possible, but likely limited, connection between Mound Basin shallow groundwater and the Area 11 iGDEs, Area 11 is retained as a GDE pursuant to TNC’s “precautionary principle” (TNC, 2018). However, it is noted that there is no known shallow groundwater extraction within Mound Basin. Furthermore, SSP&A (2020) concluded that there is no significant evidence for interactions between groundwater in the principal aquifers and shallow groundwater, which is consistent with the several hundred feet of fine-grained materials that lie between the shallow aquifer and the principal aquifers in Area 11 (Figure 3.1-08). Based on the foregoing, pumping from the principal aquifers in Mound Basin is not believed to significantly impact Area 11 iGDEs.",Page ES-vi / ES-3 && page 69 / 3.2.7,"1. Is there a map AND description of pGDEs? somewhat - there is somewhat of a description of pGDEs, but the only pGDE is dismissed because shallow aquifer is not main pumping aquifer. No map of pGDEs",
CC/Other,,Water Budget,Ecosystems,1,"Does the GSP include water demands for native vegetation in the historic, current, and projected water budgets?","No: No mention of evapotranspiration for the water budget
Somewhat: Numerical models that include different land cover classes in evapotranspiration 
Yes: Riparian Evapotranspiration separated out in the water budget charts or tables ","water budget, native vegetation, phreatophyte",Somewhat,"A numerical groundwater flow model was used to quantify and evaluate the projected water budget conditions and the potential impacts to beneficial uses and users of groundwater (United, 2018, 2021a, 2021b, 2021c). The numerical  model is based on available hydrogeologic and land use data from the past several decades, previous studies of Basin hydrogeologic conditions, and an earlier version of the model (United, 2018). The numerical model gives insight into how the complex hydrologic processes are operating in the Basin.
&&
ET of groundwater occurs where the water table is present at very shallow depths (in United’s [2018, 2021a] groundwater flow model, ET is assumed to occur within the upper 5 ft of the soil zone). In Mound Basin, such conditions occur in and adjacent to the Santa Clara River in the southwest part of the basin, and ET rates in these areas are computed by United’s (2021a) groundwater model based on computed groundwater elevations and estimates of the other parameters that control ET (ET surface elevation, extinction depth, and maximum flux rate).
","71 / 3.3
&&
76 / 3.3","1. Is the water budget made with a spreadsheet model or numerical model? Numerical
2. Is there a line for Native Veg ET in the water budget? No

Mentions use of a numerical model for water budgets that is based on land use data. It is unclear whether native vegetation is a part of the land use data, as I couldnt find the reference for the groundwater flow model (United 2021a, 2021b, 2021c). ",
CC/Other,,,Ecosystems,1,"Does the GSP include water demands for managed wetlands in the historic, current, and projected water budgets?","No: No line item or description of managed wetlands’ water demands in water budgets even if wetlands are discussed in other areas of GSP. No mention of managed wetlands in GSP.  
Somewhat: Managed wetlands are part of the numerical model or spreadsheet model assumptions but not included as a separate line item
Yes: Separate line item for managed wetlands in water budgets","water budget, managed wetlands",Not Applicable,,,"1. Is the water budget made with a spreadsheet model or numerical model?
2. Is there a line for Managed Wetlands in the water budget?

No Managed Wetlands in basin",
CC/Other,,,Climate Change,1,"Does the GSP incorporate climate change into the projected water budget using DWR change factors or other source? If other, please specify in the Notes. If DWR change factors were used, indicate in the Notes whether the GSP use 2030 factors, 2070 factors, or both?","No: Climate change not incorporated into projected water budget
Somewhat: Use a different climate model other than DWR change factors but description of methodology is unclear
Yes: Climate change is incorporated and methods are clearly stated","water budget, climate change, change factors, 2030, 2070",Yes,"In accordance with GSP Emergency Regulations Section 354.18 (c)(3)(A), the future water budget must be based on 50 years of historical precipitation, ET, and streamflow information. To satisfy this regulation, the forward version of the numerical model used for the projected water budget includes 77 years of historical precipitation, evapotranspiration, and streamflow data from the period 1943-2019, which supports a time period from 2022-2096. It is believed that the selected historical period is representative and is the best available information for groundwater sustainability planning purposes. This period includes two major drought cycles for the Santa Clara River watershed and was therefore preferred over any single 50-year period (the minimum timeframe required under SGMA regulations) available in DWR’s historical dataset, which includes water years 1931 through 2019 for rainfall (DWR, 2021) and 1916-2011 for streamflow change factors (DWR, 2018).

Baseline future streamflow in the Santa Clara River and its major contributing tributaries (including Santa Paula Creek, Sespe Creek, Pole Creek, Hopper Creek, Piru Creek, and Castaic Creek, all of which are located east and upstream of Mound Basin) was projected based on historical stream gaging records provided by the USGS and VCWPD. Streamflow in the small subwatersheds present in the foothills north of Mound Basin that contribute to mountain-front recharge, as described in the introduction to Section 3.3, was projected to change in direct proportion to increases or decreases in rainfall in accordance with 2030 and 2070 climate change factors provided by DWR (2018), and is described further below. Projected annual rainfall rates assumed under future baseline, 2030 and 2070 climate change scenarios are shown on Figure 3.3-05. The future baseline scenario assumed no sea level rise, the 2030 climate change scenario assumed 15 centimeters (6 inches) of sea level rise, and the 2070 climate change scenario assumed 45 centimeters (18 inches) of sea level rise, consistent with DWR (2018) guidance. 
&&
 Uncertainty in future hydrology associated with potential climate change was evaluated by applying DWR (2018) streamflow change factors from their 2030 and 2070 central-tendency scenarios to the historic streamflow records for Castaic Lake (reservoir) inflows, Santa Clara River upstream of Castaic Creek (excluding WRF discharges which were added after applying streamflow change factors), Middle Piru Creek (inflow to Lake Piru), Pole Creek, Hopper Creek, Sespe Creek, and Santa Paula Creek. Daily historic flow records were adjusted to 2030 and 2070 future conditions by applying the annual and monthly streamflow change factors provided for the Santa Clara River watershed (designated HUC8_18070102 by DWR), utilizing the methodology for application of time series change-factor data described in DWR (2018) guidance",88-89 / 3.3.3.1.1,"1. Is climate change incorporated? Yes
2. Do they use DWR change factors (climate period analysis), transitory analysis or something else (describe)? DWR Change Factors with Climate Period Analysis
3. If using DWR climate change factors, do they use 2030, 2070 or both? 2030 and 2070",
CC/Other,,,Climate Change,1,"Does the GSP consider multiple climate scenarios (e.g., the 2070 wet and 2070 extremely dry) scenarios in the projected water budget? If there are other scenarios considered in the GSP, please specify in the Notes.","No: Only one climate scenario used
Somewhat: no somewhat for this question
Yes: Multiple climate scenarios used (wet / extremely dry) and provided in projected water budget","projected water budget, 2070",No,,,"1. If they use DWR climate change factors, which scenarios do they use? (central tendency, extreme wet, extreme dry) Central Tendency
2. If other than DWR factors, which combination(s) of RCP and GCM do they use?
3. If other than DWR factors, do they use an ensemble of models or single model run?",
CC/Other,,,Climate Change,2,Does the GSP incorporate climate change into precipitation inputs for the projected water budget?,"No: Precipitation not adjusted for climate change in inputs for projected water budget
Somewhat: no somewhat for this question
Yes: Precipitation adjusted for climate change either through change factors or other model projections for the projected water budget","projected water budget, precipitation, input",Yes,"Streamflow in the small subwatersheds present in the foothills north of Mound Basin that contribute to mountain-front recharge, as described in the introduction to Section 3.3, was projected to change in direct proportion to increases or decreases in rainfall in accordance with 2030 and 2070 climate change factors provided by DWR (2018), and is described further below. Projected annual rainfall rates assumed under future baseline, 2030 and 2070 climate change scenarios are shown on Figure 3.3-05.",88 / 3.3.3.1.1 FIgure 3.3.-05,,
CC/Other,,,Climate Change,2,Does the GSP incorporate climate change into evapotranspiration inputs for the projected water budget?,"No: Evapotranspiration not adjusted for climate change in projected water budget inputs
Somewhat: no somewhat for this question
Yes: Evapotranspiration adjusted for climate change either through change factors or other model projections in projected water budgets","projected water budget, evapotranspiration, ET, input",Yes,"To account for future increased temperatures due to climate change, the future annual irrigation demands were further scaled by a factor representing the average annual increase (over the projected period of 1943-2019) in future ET (calculated from evapotranspiration climate change factors provided by DWR). The average ET climate change factor for the 2030s was 1.0359 (increase of 3.6%) and for the 2070s was 1.0825 (increase of 8.25%); hence irrigation demand was increased by the corresponding factors to account for higher ET uptake (demand) of irrigation water.",90 / 3.3.3.1.2,,
CC/Other,,,Climate Change,2,"Does the GSP incorporate climate change into surface water flow inputs (e.g., imported water, streamflow) for the projected water budget?","No: Surface water inputs are not accounted for in projected water budgets
Somewhat: CC in surface water flows, BUT imported water not adjusted 
Yes: Surface water flows adjusted for climate change (DWR change factors for spreadsheet model, modeled with adjusted precip and ET for numerical model) and if there is imported water, it is adjusted as well.","projected water budget, surface water flow, input",Yes,"Compared to historic streamflow between 1943 and 2019, annual average streamflow decreased by 3.8- 4.7% for the 2030 climate change scenario, and by 2.6-3.5 % for the 2070 climate change scenario. The calculated change in streamflow for the 2030 and 2070 climate change scenarios is mostly driven by the monthly change factors provided by DWR (as opposed to annual change factors). 

The baseline and climate change projections of agricultural water demand also apply to groundwater imported from the Santa Paula and Oxnard Basins for agricultural use, which is reflected in the return flow calculations 

Changes in future application of local and imported water sources in Mound Basin also change future agricultural and M&I return flows in Mound Basin. Changes in return flows each year are simulated in United’s (2021c) groundwater flow model as a function of changes in water demand (described above) and adjusted by precipitation (as described in the beginning of Section 3.3). The methodology for calculating the projected changes in return flow and the associated values for the baseline, 2030, and 2070 scenarios are further described in the model documentation (United 2021c)."," 89 / 3.3.3.1.1 
 90 / 3.3.3.1.2","1. Is the water budget made with a numerical model or spreadsheet model?  Numerical and Spreadsheet
2. If spreadsheet, are DWR surface water change factors included? Yes
3. Is there imported water in the water budget? Is this adjusted for climate change? Somewhat",
CC/Other,,,Climate Change,2,Does the GSP incorporate climate change into sea level inputs for the projected water budget?,"No: Does not mention or apply sea level rise into projected water budget though located in vicinity of coastal region
Somewhat: no somewhat for this question
Yes: Clear sea level rise projections under climate change incorporated into projected water budget","projected water budget, sea level, input",Yes,"The future baseline scenario assumed no sea level rise, the 2030 climate change scenario assumed 15 centimeters (6 inches) of sea level rise, and the 2070 climate change scenario assumed 45 centimeters (18 inches) of sea level rise, consistent with DWR (2018) guidance",88 / 3.3.3.1.1,,
CC/Other,,,Climate Change,2,Does the GSP calculate a sustainable yield based on the projected water budget with climate change incorporated?,"No: Sustainable yield not provided or is not calculated based on projected water budget with climate change
Yes: Sustainable yield is calculated based on projected water budget with climate change (ranges based on different future scenarios is OK)","sustainable yield, projected water budget",Yes,"Modeling results for the future projection periods indicate that the projected inflow and outflows will be approximately balanced during the 20-year GSP implementation period (change in storage ranging from 4 to 38 AF/yr; Tables 3.3-07, 3.3-10, and 3.3-13), depending on climate change assumptions. The modeling results also suggest that the minimum thresholds will not be exceeded. Therefore, an estimate of the sustainable yield is approximately equal to the projected pumping (averaging 7,900 to 8,200 AF/yr), depending on climate change assumptions (Tables 3.3-07, 3.3-10, and 3.3-13). It is recognized increasing pumping above these amounts could increase underflow from adjacent basins, thereby increasing the sustainable yield of the Mound Basin. However, this could impact sustainable management of the adjacent Santa Paula and/or Oxnard basins and is not included the sustainable yield estimate at this time.", 96 / 3.3.4.2,,
WQ,SUSTAINABLE MANAGEMENT CRITERIA,Undesirable Results,Domestic,1,Does the GSP analyze direct or indirect impacts on domestic drinking wells when defining Undesirable Results for 1) Chronic Lowering of Groundwater Levels and 2) Water Quality (See line 24)?,"NO: no mention Somewhat: explicit mention of drinking water users, but not well analyzed; mention impact on one of the UR, mentioning some of the COCs. YES: clear impact on drinking water users & explanation of all COCs","domestic well, drinking water, undesirable result, groundwater levels, water quality, groundwater quality",Not Applicable,"No domestic wells were identified during development of the GSP. The lack of domestic wells is due to the availability of potable water from Ventura Water and the significant expense required to drill a domestic water-supply well to the depth required to reach a principal aquifer in Mound Basin.
The process for defining undesirable results for degraded water quality began with considering the potential effects on beneficial uses and users of groundwater, land uses, and property interests.
Potential effects on municipal beneficial uses would be increased costs for treatment or blending to meet drinking water standards. Potential effects on agricultural beneficial uses could include lower quality crops, increased water use to meet leaching requirements, and implementation of treatment or blending to reduce salinity. The potential effects on agricultural beneficial uses would result in increased costs and potential impacts on lease rates and land values.","Page 23 / 2.3.1
Page 128 / 4.7","1. Do they mention Drinking water users for UR? No
2. Which URs mention Drinking Water Users? No
3. Are impacts to Drinking Water users well analyzed? (mention well elevation and quality impacts)
4. Are all impacts of all COCs described?
No domestic wells were identified in this GSP.",
Stakeholder & WQ,,,DACs,1,"Does the GSP analyze direct and indirect impacts on DACs when defining Undesirable Results for 1) Chronic Lowering of Groundwater Levels, and 2) Water Quality (see line 24)?","NO: no mention of DACs Somewhat: mention DACs, but not well analyzed Yes: impacts to DACs analyzed and described (describe impact to DAC well elevations/quality)","disadvantaged communit*, DAC, tribal, tribe, drinking water, undesirable result, groundwater levels, water quality, groundwater quality",No,,,"1. Do they mention DACs for UR? No
2. Which URs mention DACs? No
3. Are impacts to DACs well analyzed?
",
Stakeholder & WQ,,,Tribes,1,"Does the GSP analyze direct and indirect impacts on Tribes when defining Undesirable Results for 1) Chronic Lowering of Groundwater Levels, 2) Water Quality (see line 24), and 3) Depletions of Interconnected Surface Waters?","NO: no mention of Tribes 
Somewhat: mention Tribes, but not well analyzed
Yes: impacts to tribes analyzed and described (describe impact to Tribal wells/elevations)","disadvantaged communit*, DAC, tribal, tribe, drinking water, undesirable result, groundwater levels, water quality, groundwater quality",No,,,"1. Do they mention Tribes for UR? No
2. Which URs mention Tribes? No
3. Are impacts to Tribes well analyzed? No
",
ISW/GDE & WQ,,,Ecosystems,1,"Does the GSP analyze direct and indirect impacts on GDEs when defining Undesirable Results for 1) Chronic Lowering of Groundwater Levels, 2) Water Quality, and 3) Depletions of Interconnected Surface Waters?","NO: no mention of GDEs Somewhat: mention GDEs, but not well analyzed; only for 1 or 2 URs Yes: impacts to GDEs analyzed and described ( impacts to specific species - cause and effect ecosystem, e.g. dieback, impacts to habitat)","groundwater dependent ecosystem, GDE, groundwater-dependent ecosystem, instream, environment, undesirable result, groundwater levels, water quality, groundwater quality, depletion of surface water, ISW",No,,,"1. Do they mention GDEs for UR? No
2. Which URs mention GDEs? No
3. Are impacts to GDEs well analyzed?
",
WQ,,Minimum Thresholds,All,2,Does the GSP establish Water Quality minimum thresholds and measurable objectives for the identified constituents/contaminents identified in the plan area (see line 24)? Please identify which constituents have Minimum Thresholds and Measurable Objectives in the Notes.,No - none Somewhat - only some COCs Yes - both,"minimum threshold, water quality, groundwater quality, contaminent, constituent of concern, COC",Somewhat,"These criteria were considered when developing the minimum thresholds:
• Primary MCLs: Applicable to nitrate only. It is desirable to maintain existing water quality at levels suitable potable water for human consumption for current and future beneficial uses. Widespread occurrence of nitrate in excess of the MCL is considered a significant and unreasonable effect.
• Secondary MCLs: Applicable to TDS, sulfate, and chloride. It is desirable to maintain water quality at levels acceptable to consumers. Widespread occurrence of TDS, sulfate, or chloride concentrations in excess of the Short-Term Consumer Acceptance Level would be considered a significant and unreasonable effect.
• RWQCB WQOs: These standards are designed to protect beneficial uses and preserve existing water quality at the time of RWQCB Basin Plan (RWQCB-LA, 2019) development from degradation, consistent with the Porter-Cologne Act and SWRCB Antidegradation Policy (Resolution No. 68-16).
• Agricultural Thresholds: Certain crops grown in the Basin are sensitive to chloride and boron in irrigation water. The RWQCB WQOs were developed, in part to protect agricultural beneficial uses of water. Therefore, widespread chloride or boron concentrations in excess of WQOs for these constituents would be considered a significant and unreasonable effect.
• Existing Water Quality: Current groundwater quality is known to support beneficial uses in the Basin and there is an absence of significant and unreasonable effects due to water quality. Therefore, minimum thresholds should be set equal to or greater than existing water quality to recognize the absence of significant and unreasonable effects at present.
• MBGSA’s Ability to Improve Water Quality: TDS, sulfate, chloride, and boron are naturally occurring constituents that are derived from groundwater interaction with subsurface sediments. The GSA has no feasible means of reducing the existing in situ concentrations of these constituents in the Basin. The GSA can take measures to minimize the downward migration of these constituents and nitrate from the shallow groundwater into the principal aquifers.
In general, the minimum thresholds were selected be consistent with the RWQCB WQOs. The one exception is TDS, which has historically exceeded the RWQCB WQO. The TDS minimum threshold was set higher than the RWQCB WQO based on the upper range of concentrations observed in representative monitoring wells during the previous 10 years. The minimum thresholds and specific rationale for each water quality constituent minimum threshold are provided in Table 4.1-02. The minimum thresholds and measurable objectives with respect to each aquifer are shown on Table 4.1-03. The minimum thresholds are also shown on the water quality plots provided in Appendix I. && The measurable objectives were developed using the same information and criteria used to develop the minimum thresholds, which are descried in Section 4.2.7.1. In general, the measurable objectives were selected to preserve existing water quality for beneficial uses in the Basin. The measurable objectives and specific rationale for each water quality constituent measurable objective are provided in Table 4.1-02. The measurable objectives provide a reasonable range of operational flexibility above the minimum thresholds and historical concentrations observed in the Basin, as shown in the water quality plots provided in (Appendix I).","Page 132 / 4.7.2.1 && Page 136 / 4.7.3
Table 4.1-02
Table 4.1-03","1. Are MT and MO set for COCs? Yes
2. Do they set MT and MO for all COCs? Nitrate, TDS, chloride, sulfate

Minimum thresholds and measurable objectives are set for TDS, nitrate, sulfate, chloride, and boron. The TDS is set for highest value (short term acceptance) of MCL",
WQ,,,All,2,"Are Water Quality minimum thresholds based on or within the Maximum Contaminent levels (MCLs)? Answer Yes = for identified constituents; Somewhat = for some of the identified constituents; No = none of the identified constituents; Not Applicable should never be an answer for this question. Note: Secondary MCLs are ok for TDS, sulfate, chloride, manganese, iron.",No - none Somewhat - only some COCs Yes - both,"maximum contaminent level, MCL, minimum threshold, water quality, groundwater quality, contaminent, constituent of concern, COC",Yes,"Primary MCLs: Applicable to nitrate only. It is desirable to maintain existing water quality at levels suitable potable water for human consumption for current and future beneficial uses. Widespread occurrence of nitrate in excess of the MCL is considered a significant and unreasonable effect.
• Secondary MCLs: Applicable to TDS, sulfate, and chloride. It is desirable to maintain water quality at levels acceptable to consumers. Widespread occurrence of TDS, sulfate, or chloride concentrations in excess of the Short-Term Consumer Acceptance Level would be considered a significant and unreasonable effect.
• RWQCB WQOs: These standards are designed to protect beneficial uses and preserve existing water quality at the time of RWQCB Basin Plan (RWQCB-LA, 2019) development from degradation, consistent with the Porter-Cologne Act and SWRCB Antidegradation Policy (Resolution No. 68-16).",Page 132 / 4.7.2.1 ,"1. Are MT set at MCL level for COCs? Yes
2. Are all MT set at MCL level? Yes
See Tables 4.1-02 and 4.1-03 - MTs are based on primary MCLs, secondary MCLs, and RWQCB WQOs (Regional Water Quality Control Board Water Quality Objectives). The nitrate MT is set to MCL. TDS, sulfate and chloride are set to SMCL. Boron is set to the RWQCB WQO. The contaminents are set at the short term acceptance range of TDS, Sulfate. And there is a big difference between MT(45) and MO(5) of NItrate, It is unclear how they will met this quality. They set the quality for potable water users. MCL or existing level +20% (which is greater ) is set as MT. MO is set at MCL level.
",
WQ,,,Drinking Water Users,1,"Does the GSP evaluate the cumulative or indirect impacts of proposed groundwater elevation and water quality minimum thresholds on drinking water users (e.g., domestic wells, municipal water suppliers)? ",NO: no mention Somewhat: mention vaguely &/ only for one MT section YES: mention in both MT sections and use quantitative data to justify/describe,"minimum threshold, disadvantaged communit*, drinking water users, domestic, domestic wells, groundwater levels, water quality, groundwater quality",Somewhat,"The minimum thresholds will prevent significant and unreasonable degradation of groundwater quality that would limit the beneficial use of groundwater. Potential effects on municipal beneficial uses would be increased costs for treatment or blending to meet drinking water standards. Potential effects on agricultural beneficial uses could include lower quality crops, increased water use to meet leaching requirements, and implementation of treatment or blending to reduce salinity. The potential effects on agricultural beneficial uses would result in increased costs and potential impacts on lease rates and land values.",Page 134 / 4.7.2.4,"1. Do they mention impact of groundwater elevation MT on drinking water users? No
2. Do they mention impact of water quality MT on drinking water users? Yes, very vague
3. Do they use quantitative data to describe the harm of crossing the MT? No
Drinking water is only mentioned once in MT section with regards to degraded water quality (Section 4.7), but the cumalitive and indirect impacts of the water quality MTs on drinking water users is not thoroughly evaulated. This is a problem considering the very poor quality of water in the shallow and underlying aquifer systems in the basin.
",
Stakeholder & WQ,,,DACs,1,Does the GSP evaluate the cumulative or indirect impacts of proposed groundwater elevation and water quality minimum thresholds on DACs?,NO: no mention Somewhat: mention vaguely &/ only for one MT section YES: mention in both MT sections and use quantitative data to justify/describe,"minimum threshold, disadvantaged communit*, DAC, groundwater levels, water quality, groundwater quality",No,,,"1. Do they mention impact of groundwater elevation MT on DACs? No
2. Do they mention impact of water quality MT on DACs? No
3. Do they use quantitative data to describe the harm to DACs of crossing the MT?

",
Stakeholder & WQ,,,Tribes,1,"Does the GSP evaluate the cumulative or indirect impacts of proposed groundwater elevetion, ISW and water quality minimum thresholds on Tribes? ",NO: no mention Somewhat: mention vaguely &/ only for one MT section YES: mention in both MT sections and use quantitative data to justify/describe,"minimum threshold, disadvantaged communit*, DAC, tribal, tribe, groundwater levels, water quality, groundwater quality",No,,,"1. Do they mention impact of groundwater elevation MT on Tribes? No
2. Do they mention impact of water quality MT on Tribes? No
2. Do they mention impact of ISW MT on Tribes?
4. Do they use quantitative data to describe the harm to DACs of crossing the MT?
",
ISW/GDE & WQ,,,Ecosystems,1,Does the GSP evaluate the cumulative or indirect impacts of proposed minimum thresholds for groundwater elevations and ISW on GDEs or environmental beneficial users of surface water?,NO: no mention Somewhat: mention vaguely &/ only for one MT section YES: mention in both MT sections and use quantitative data to justify/describe,"minimum threshold, groundwater dependent ecosystem, groundwater-dependent ecosystem, GDE, environmental beneficial user, instream, groundwater levels, water quality, groundwater quality, depletion of surface water ISW",No,,,"1. Do they mention impact of groundwater elevation MT on GDEs? No
2. Do they mention impact of ISW MT on GDEs? No
3. Do they use quantitative data to describe the harm of crossing each of the MT?

",
WQ,,Measurable Objectives,Drinking Water Users,2,Does the GSP consider Drinking Water Users when establishing water quality and groundwater elevation measurable objectives?,NO: no mention Somewhat: mention vaguely &/ only for one MO section YES: mention in both MO sections and justify/describe,"drinking water users, domestic, measurable objective, water quality, groundwater quality, contaminent, constituent of concern, COC",No,"The measurable objectives were developed using the same information and criteria used to develop the minimum thresholds, which are descried in Section 4.2.7.1. In general, the measurable objectives were selected to preserve existing water quality for beneficial uses in the Basin. The measurable objectives and specific rationale for each water quality constituent measurable objective are provided in Table 4.1-02. The measurable objectives provide a reasonable range of operational flexibility above the minimum thresholds and historical concentrations observed in the Basin, as shown in the water quality plots provided in (Appendix I).","Page 136 / 4.7.3
Table 4.1-02","1. Does the GSP mention Drinking Water Users for water quality MO? No
2. Does the GSP mention Drinking Water Users for groundwater elevation MO? No
3. Do they justify/evaluate the MOs based on Drinking Water users water needs?
",
Stakeholder & WQ,,,DACs,2,Does the GSP consider DACs when establishing water quality and groundwater elevation measurable objectives?,NO: no mention Somewhat: mention vaguely &/ only for one MO section YES: mention in both MO sections and justify/describe,"measurable objectives, disadvantaged communities, DAC",No,,,"1. Does the GSP mention DACs for groundwater elevation MO? No
2. Does the GSP mention DACs for ISW MO? No
3. Do they justify/evaluate the MOs based on DAC water needs?

",
Stakeholder & WQ,,,Tribes,2,"Does the GSP consider Tribes when establishing water quality, ISW and groundwater elevation measurable objectives?",NO: no mention Somewhat: mention vaguely &/ only for one MO section YES: mention in both MO sections and justify/describe,"measurable objectives, tribal, tribes",No,,,"1. Does the GSP mention Tribes for ISW MO? No
2. Does the GSP mention Tribes for groundwater elevation MO? No
3. Does the GSP mention Tribes for GW quality? No
4. Do they justify/evaluate the MOs based on Tribal water needs?

",
ISW/GDE & WQ,,,Ecosystems,2,Does the GSP consider GDEs when establishing ISW and groundwater elevationmeasurable objectives?,NO: no mention Somewhat: mention vaguely &/ only for one MO section YES: mention in both MO sections and justify/describe,"measurable objectives, groundwater dependent ecosystems, environmental beneficial user",No,,,"1. Does the GSP mention GDEs for ISW MO? No
2. Does the GSP mention GDEs for groundwater elevation MO? No
3. Do they justify/evaluate the MOs based on GDE water needs?

",
RMS/Maps,MONITORING NETWORK,,DACs / Tribes / Drinking Water Users,1,"Do the Representative Monitoring Sites (RMS) in the monitoring network adequately represent water quality conditions around DACs, domestic wells, and Tribes (In the case of data gaps, evaluate proposed monitoring sites)? In the notes, please specify whether RMS for each of the contaminents identified in the basin (see line 24). Answer Yes = existing and proposed monitoring wells are adequately distributed across DAC, domestic well, and Tribal areas; Somewhat = existing and proposed RMS do not adequately cover DAC, domestic well, and Tribal portions of the basin; No = Existing and proposed RMS are not available within DAC, domestic well, and Tribal areas.","NO = RMS are not located within one  mile of any DACs, domestic wells, or tribes
Somewhat = RMS are within one mile of at least one DAC, domestic well or tribe
Yes = RMS are within one mile of ALL DAC, domestic and tribal communities within the basin boundary
","water quality, contaminents, COC, data gap, disadvantaged communit*, DAC",Somewhat,,,"1. How were WQ RMS listed? (CASGEM ID, lat/long, described) lat/long
2. How many WQ RMS were we able to map? (all, some, none) All
3. Of those mapped, was there a well within 1 mile of DACs? Yes
4.Of those mapped, was there a well within 1 mile of Tribes? N/A
5. Of those mapped, was there a well within 1 mile of domestic wells? Yes

Decent coverage of drinking water and DACs/SDACs however they miss an entire DAC block group in the top left of their basin and part of the SDAC block group. Top area of the basin lacks monitoring in general. ",
RMS/Maps,,,DACs / Tribes / Drinking Water Users,1,"Do the Representative Monitoring Sites (RMS) in the monitoring network adequately represent shallow groundwater elevations around DACs, domestic wells, and Tribes (In the case of data gaps, evaluate proposed monitoring sites). In the notes, please specify any deficiencies in the distribution of representative monitoring sites (RMS). Yes = existing and proposed monitoring wells are adequately distributed across DAC, drinking wells, and tribal areas; Somewhat = existing and proposed RMS do not adequately cover DAC, drinking wells, and tribal portions of the basin; No = Existing and proposed RMS are not available within DAC, drinking wells, and tribal areas.","NO = RMS are not located within a mile of any DACs, domestic wells, or tribes
Somewhat = RMS are within one mile of at least one DAC, domestic well or tribe
Yes = RMS are within one mile of ALL DAC, domestic and tribal communities within the basin boundary
","shallow monitoring well, data gap, disadvantaged communit*, DAC, tribal, tribe",Somewhat,,,"1. How were Elevation RMS listed? (CASGEM ID, lat/long, described)lat/long
2. How many Elevation RMS were we able to map? (all, some, none) All
3. Of those mapped, was there a well within 1 mile of DACs? Yes
4.Of those mapped, was there a well within 1 mile of Tribes? N/A
5. Of those mapped, was there a well within 1 mile of domestic wells? Yes

Good coverage of monitoring, however they miss an entire DAC block group in the upper left of their basin. This top area  area lacks monitoring in general. ",
ISW/GDE,,,Environment,1,Does the GSP include a plan to identify and fill shallow monitoring well data gaps around GDEs and ISWs in the monitoring network?,"No plan in place to identify and fill shallow well data gaps around GDEs and ISWs; no potential plan
  = no
Mention of shallow monitoring data gap and need to fill but no detailed plan in monitoring network or PMAs; contradictory statements in different sections; potential PMA; City is handling it = somewhat
GSP has a clear plan to fill spatial and/or temporal data gaps with regards to GDEs and ISWs in monitoring network section or PMAs
. = yes","shallow monitoring well, data gap, groundwater dependent ecosystem, groundwater-dependent ecosystem, GDE ",No,"As was described in Section 3.2.5 and 4.9 of this GSP, the depletions of interconnected surface water sustainability criterion was determined to be not applicable to Mound Basin. Therefore, a monitoring network for depletions of interconnected surface water is not required.",Page 176 / 5.8,"1. Is there a plan to fill shallow groundwater wells in the monitoring network section? no
2.And/OR is there a plan to fill shallow groundwater wells in the PMA section? no",
ISW/GDE,,,Environment,2,Does the GSP include any plans to incorporate GDE-related biological monitoring into the monitoring network?,"No plan or mention of biological monitoring 
  = no
Some coordination with other agencies; Mention of the possibility of future biological monitoring/surveys = somewhat
Clear plans for biological monitoring are described; Remote sensing; field surveys, etc. = yes","GDE Pulse, NDVI, normalized difference vegetation index, biologic*, survey, vegetation, fish",No,,,"1. Is there a plan in place for biological monitoring, including but not limited to field surveys, remote sensing (NDMI, NDVI), aerial photographs? no",
WQ,PROJECTS & MANAGEMENT ACTIONS,,Environment,2,Does the GSP include any recharge projects with explicit benefits to the environment?,"NO = no recharge &/no mention of benefits, &/ on-going project without coordination. SOMEWHAT = benefits to environment generally &/or on-going project with coordination &/or proposed project;  YES = explicit benefits to environment & the GSPs implementing;","recharge, managed aquifer recharge, MAR, multi-benefit recharge",No,,,"1. Are there projects that involve groundwater recharge? No
2. Do those projects list explicit benefits to the environment? No
3. Are the projects new, on-going or proposed? No
4. Are the projects implemented by the GSP or others? 
5. If others, is the GSP coordinating with the others in implementation?
",
WQ,,,Environment,2,"Does the GSP include any habitat or stream restoration or invasive species removal projects (e.g., to improve water supply in the basin or GDE habitats)?",NO = on-going project without coordination. SOMEWHAT = on-going project with coordination &/or proposed project;  YES = the GSPs implementing;,"invasive species, habitat",No,"Some of the management strategies listed in the IRWMP that could potentially affect water-resources management by the MBGSA include the following:
Practice Resources Stewardship: Provides definitions for, and summarizes benefits of, the following activities: agricultural lands stewardship, ecosystem restoration, forest management, land use planning and management, sediment management, and watershed management.","Pg 10, 2.2.2.2","If yes to projects:
1. Are the projects new, on-going or proposed?
2. Are the projects implemented by the GSP or others? 
3. If others, is the GSP coordinating with the others in implementation?

Ecosystem restoration is part of resource management strategies of Integrated Regional Water Management Plan
",
WQ,,,All,1,"Does the GSP identify benefits or impacts of identified projects and management actions to key beneficial users such as GDEs, drinking water users, tribes, DACs?","NO = no mention of benefits, &/ on-going project without coordination. SOMEWHAT = benefits to beneficial users broadly &/or on-going project with coordination &/or proposed project;  YES = explicit benefits to environment & the GSPs implementing;","beneficial users, environment, GDE, DAC, trib*",No,The Seawater Intrusion Contingency Plan and Additional Shoreline Monitoring Well Project will benefit beneficial users and property interests in the Basin by providing early warning of unexpected seawater intrusion and ensuring pre-planned measures are in place to address it before undesirable results could occur. && The Land Subsidence Contingency Plan will benefit beneficial users and property interests in the Basin by providing early warning of groundwater levels declines that could lead to potential land subsidence in the Coastal Area and by ensuring pre-planned measures are to address it before undesirable results could occur.&& The Groundwater Quality Protection Measures management action will benefit beneficial users and property interests in the Basin by protecting groundwater quality from degradation.,Page 184 / 6.3.6 && Page 187 / 6.4.6 && Page 190 / 6.5.6,"""1. Do they identify explicity beneficial users?  No
2. Do they describe the impact or benefit to the users identified? No
3. Across all PMAs, do they include GDEs, drinking water users, Tribes and DACs? If yes, which? No
4. Are the projects proposed, ongoing?
5. Are the projects implemented by GSA or others?
""
1. Do those projects list explicit benefits to GDEs, drinking water users, tribes, DACs? No
2. Are the projects new, on-going or proposed? This project is already underway and will be completed prior to the first five-year GSP assessment.
3. Are the projects implemented by the GSP or others? MBGSA and DWR Technical support service program
4. If others, is the GSP coordinating with the others in implementation?

The GSP mentions ""benefical users"" when describing the benefits/impacts of 3 project and management plans (Seawater Intusion Contigency Plan, Land Subsidence Contigency Plan, and Groundwater Quality Protection Measures) but does not give any detail about direct impacts on DACs, drinking water users, tribes, or GDEs. 
",
Stakeholder & WQ,,,DACs,2,Does the GSP include any recharge projects with explicit benefits to DACs?,"NO = no mention of benefits, &/ on-going project without coordination. SOMEWHAT = benefits to beneficial users broadly &/or on-going project with coordination &/or proposed project;  YES = explicit benefits to environment & the GSPs implementing;","recharge, managed aquifer recharge, MAR",No,,,"1. Are there projects that involve groundwater recharge? No
2. Do those projects list explicit benefits to DACs? No
3. Are the projects new, on-going and proposed?
4. Are the projects implemented by the GSP or others? 
5. If others, is the GSP coordinating with the others in implementation?
",
WQ,,,DACs / Drinking Water,,Does the GSP include a drinking water well mitigation program to avoid significiant and unreasonable loss of drinking water?,"NO: No well mitigation program SOMEWHAT: well mitigation program, but not explicitly for drinking water users and DACs &/ proposed or on-going with coordination YES: well mitigation program for drinking water users and DACs","drinking water, well mitigation program",No,"The GSP Emergency Regulations specifically require the inclusion of projects or management actions to address the following:
• Overdraft (§354.44(b)(2)): A description of the projects or management actions, including a quantification of demand reduction or other methods, for the mitigation of overdraft, if and overdraft condition is identified through the analysis required by Section 354.18.
• Drought Offset Measures §354.44(b)(9): A description of the management of groundwater extractions and recharge to ensure that chronic lowering of groundwater levels or depletion of supply during periods of drought is offset by increases in groundwater levels or storage during other periods.
As described in earlier sections, the 50-year modeling projections developed for the water budget suggest that the measurable objectives for the applicable sustainability indicators will be met without the need for overdraft mitigation or drought offset measures. However, several management actions are included to respond to potential changing conditions in the Basin and to help protect groundwater quality.",Page 178 / 6.1,"1. Is there a well mitigation program? No
2. Is the program new, on-going or proposed? 
3. Is the well mitigation program explicitly for drinking water users and DACs?

The plan suggests that MO for sustainablility indicator will be met without need for overdraft mitigation. No specific mention of Drinking water.

",
WQ,,,DACs,1,Does the GSP identify potential impacts to water quality from Projects and Management Actions?,"NO = no mention of benefits, &/ on-going project without coordination. SOMEWHAT = benefits to beneficial users broadly &/or on-going project with coordination &/or proposed project;  YES = explicit benefits to environment & the GSPs implementing;","water quality, disadvantaged communit*, DAC",Somewhat,"MBGSA will coordinate with the County of Ventura to identify and address improperly constructed or abandoned wells that create conduits for migration of poor-quality water from shallow water-bearing units into the principal aquifers. MBGSA will also coordinate with County of Ventura to review the County well permit ordinance and modify, if necessary, to ensure the future wells are properly sealed to prevent migration of poor-quality water from shallow water-bearing units into the principal aquifers. && The Groundwater Quality Protection Measures management action will benefit beneficial users and property interests in the Basin by protecting groundwater quality from degradation.",Page 188 / 6.5 && Page 190 / 6.5.6,"1. Do those projects list potential impacts to water quality? Yes
2. Do those Projects list potential impacts to DAC? No
3. Are the projects new, on-going or proposed? will cordinate
4. Are the projects implemented by the GSP or others? GSA and County of Ventura
5. If others, is the GSP coordinating with the others in implementation? yes

Project management action to protect poor quality shallow groundwater from migrating to deeper principle aquifers, but no explicit mention of DACsn to protect poor quality shallow groundwater from migrating to deeper principle aquifers, but no explicit mention of DACs
",
CC/Other,OTHER,,,,Does the GSP have plans to use Open ET to monitor groundwater extractions from agriculture?,"No: Open ET not mentioned in GSP
Somewhat: Satellite based evapotranspiration used in analysis and monitoring for future groundwater extractions from agriculture
Yes: Open ET identified as a resource that will be used for monitoring future extractions from agriculture",OpenET,No,,,,
CC/Other,,,,,Does the GSP have plans to install meters on wells in the basin?,"No: No mention of installing meters on wells or mentions meters as a DWR recommendation but no plans to install
Somewhat: Mentions potential plans for installing meters in event of exceedance, or identifies need for meters but no details of plans for installation
Yes: Describes plans for installing meters in detail as a planned project  ",meters,No,,,,
CC/Other,,,,,"Does the GSP have plans to implement demand reduction (e.g., pumping cuts) in the basin?","No:  Demand reduction not mentioned 
Somewhat: Mentions potential plans for demand reduction in event of exceedance, or future potential PMAs of demand reduction
Yes: Planned PMAs of demand reduction are described","demand, demand reduction, pumping cuts, demand management",No,"The GSP Emergency Regulations specifically require the inclusion of projects or management actions to address the following: • Overdraft (§354.44(b)(2)): A description of the projects or management actions, including a quantification of demand reduction or other methods, for the mitigation of overdraft, if and overdraft condition is identified through the analysis required by Section 354.18. • Drought Offset Measures §354.44(b)(9): A description of the management of groundwater extractions and recharge to ensure that chronic lowering of groundwater levels or depletion of supply during periods of drought is offset by increases in groundwater levels or storage during other periods. As described in earlier sections, the 50-year modeling projections developed for the water budget suggest that the measurable objectives for the applicable sustainability indicators will be met without the need for overdraft mitigation or drought offset measures. However, several management actions are included to respond to potential changing conditions in the Basin and to help protect groundwater quality.",,"It says that management actions are included to respond to potential changing conditions, but all PMAs are focused on seawater intrusion monitoring, contingency plan, land subsidence, and groundwater quality",
CC/Other,,,,,"Does the GSP have plans to implement supply augmentation (e.g., recharge projects, desalinating brackish groundwater) in the basin to achieve sustainability?","No: No plans in place for supply augmentation
Somewhat: Potential projects or evaluations of feasibility to implement supply augmentation mentioned
Yes: Planned supply augmentation described in detail to achieve sustainability","recharge, managed aquifer recharge, MAR, desalin*, brackish groundwater",No,,,,
CC/Other,,,,,"Do they evaluate whether Project and Management Actions close the gap for current and projected sustainable yield (e.g., overdraft as compared to the projected sustainable yield)? ","No: No mention of sustainable yield or overdraft, or closing the gap through PMAs
Somewhat: PMAs are described to close the gap but are future potential projects
Yes: Planned PMAs are identified as those that close the gap for projected sustainable yield and is demonstrated quantitatively","sustainable yield, overdraft, balance",No,"As described in earlier sections, the 50-year modeling projections developed for the water budget suggest that the measurable objectives for the applicable sustainability indicators will be met without the need for overdraft mitigation or drought offset measures",178 / 6.1,,
CC/Other,,,,,Does the GSP reference / propose any new water markets in the basin?,"No: No new water markets referenced or proposed
Somewhat: no somewhat for this question
Yes: New water markets are referenced or proposed",water market,No,,,,
CC/Other,,,,,"Does the GSP identify the potential impact of climate change on obtaining/crossing thresholds for Sustainable Management Criteria (e.g., as a driver of undesirable result or potential reason for crossing a minimum threshold)?","No: No impacts from climate change referenced in SMC
Somewhat: References climate change impacts but does not identify as a reason for crossing thresholds
Yes: Explicitly identifies climate change as a reason for obtaining/crossing thresholds for SMC",climate change,No,"GSP Emergency Regulations §354.28(c)(3)(B) requires a description of how the seawater intrusion minimum threshold considers the effects of current and projected sea levels. As described in Section 3.3, modeling for the 50-year projected water budget includes scenarios the considered 2030 and 2070 climate change conditions. The climate change conditions included projected sea level rise of 15 centimeters (cm) and 45 cm, respectively for 2030 and 2070 climate change conditions, respectively. The projected sea level rise amounts were incorporated into the general head boundary used to simulate the offshore seawater interface with the aquifer. The results of the 2030 and 2070 climate change model simulations are not significantly different from the baseline (no climate change) model simulation (Appendix H).",125 / 4.6.2.1,,
CC/Other,,,,,"Does the GSP includes details on coordination with water quality control programs (e.g., Regional Water Quality Control Board, CV-Salts)?","No: No mention of RWQCB or it is mentioned but coordination not discussed at all
Somewhat: Recognizes RWQCB as interested party or stakeholder but details of coordination not included
Yes: Coordination between RWQCB and GSA are clearly defined","Regional Water Quality Control Board (RWQCB), CV-Salts",No,,,,
CC/Other,,,,,"How many PMAs are there (total #, including tiers)?","No spectrum, just # of PMAs",,4,,,,
CC/Other,,,,,"Are the PMAs all planned projects?  If not, please elaborate whether projects are proposed and how many are proposed versus planned?","no = all proposed
somewhat = mix of planned and proposed
yes = all planned",,Somewhat,,,"1 existing, 3 potential ""at the discretion"" and ""anticipated"" to be done within the 5-year plan window",
