GENERAL,Unnamed: 1,General Notes ,Unnamed: 3,Unnamed: 4,GSP Information,Answer,Unnamed: 7,Unnamed: 8,Unnamed: 9
,,"1-  For stakeholders first they mentioned the names and then said we will do different phases with all of the stakeholders and didn't go in details for each of them. 
2- They use both metric and imperial system which sometimes confuses the reader. 
3- The map on Figure 4-20, 4-22 needs to have more details on GDE 
4- the organization of the document is very hard to navigate. 
5- They didn't go deep into Plan Implementation. 
6- There is no Map of GDE.""                
                
                
                
                
                
                
                ",,,GSP ID,24,,,
,,,,,GSA Name,Bedford-Coldwater Subbasin GSA,,,
,,,,,Subbasin Name,ELSINORE - ELSINORE VALLEY - Bedford-Coldwater Subbasin,,,
,,,,,Consultant,"TODD Groundwater, H&H Water Resources, Stantec",,,
,,,,,GSP version,Draft,,,
,,,,,Acreage of GDEs per basin,934,,,
,,,,,DAC Population,," There are no economically distressed areas, disadvantaged communities, or severely disadvantaged communities in the Basin.",2.1.2,
,,,,,Tribal population,,. The area is managed by the Forest Service. No tribal lands are known within the Basin.,2.1.2,
,,,,,Acreage of Managed Wetlands,No Data,,,
,,,,,Coder Name,Lauren,Two coders: Lauren and Sara,,
GSP Plan Element,,Topic,Level,Criteria,Key Search Terms,Answer,Relevant Text from GSP,GSP Page / Section,Notes
PLAN AREA,,DACs,1,"Does the GSP document how DAC stakeholders were given opportunities to engage in the GSP development process? If so, please describe the level of engagement (e.g., whether stakeholders were on an advisory committee, GSA board, working group) in the Notes. Answer according to level of engagement: Yes = Involve, Collaborate, Empower; Somewhat = Inform and Consult; No = No mention of engagement. ","Disadvantaged Communit*, DAC, stakeholder, beneficial user",Not Applicable,,,
,,Tribes,1,"Does the GSP document how tribal stakeholders were given opportunities to engage in the GSP development process? If so, please describe the level of engagement (e.g., whether stakeholders were on an advisory committee, GSA board, working group) in the Notes. Answer according to level of engagement: Yes = Involve, Collaborate, Empower; Somewhat = Inform and Consult; No = No mention of engagement. ","Tribal, tribe, stakeholder, beneficial user",Somewhat,A list of interested parties was developed and provided to DWR during formation of the BCGSA. The BCGSA will continue to expand this list throughout the GSP development process. An initial list of stakeholders is presented in Table 1..California Native American Tribes • Soboba Band of Luiseño Indians • Rincon Band of Luiseño Indians • Agua Caliente Band of Cahuilla Indians • Temecula Band of Luiseño Indians,"Page 1 -2 / Appendix D

2-2","They say there are no Native American tribes within the basin but in stakeholder outreach and communication,  they mention the name of 4 tribes. Also It doesn't mention how they were notified and needs more detail. The outreach and communication plan provides a very basic understanding of consultation (public notice, meetings, and website) of neighboring tribes, but no real engagement.

Level of engagement: inform"
,,Ecosystems,1,"Does the GSP document how environmental stakeholders were given opportunities to engage in the GSP development process? If so, please describe the level of engagement (e.g., whether stakeholders were on an advisory committee, GSA board, working group) in the Notes. Answer according to level of engagement: Yes = Involve, Collaborate, Empower; Somewhat = Inform and Consult; No = No mention of engagement. ","environment, stakeholder, environmental beneficial user",Somewhat,A list of interested parties was developed and provided to DWR during formation of the BCGSA. The BCGSA will continue to expand this list throughout the GSP development process. An initial list of stakeholders is presented in Table 1..The Nature Conservancy,Page 1 / Appendix D,"They list public comment/website outreach, but they only identifiy one environmental stakeholder, which is The Nature Conservancy. TNC has said that they were not engaged in this process, but are on the interested parties email list and therefore able to comment publicly (aka this process!). 

Level of engagement: inform
"
,,DACs,2,"Does the Stakeholder Communication and Engagement Plan or GSP include outreach to DACs during GSP implementation? If so, please describe the level of engagement in the Notes. Answer according to level of engagement: Yes = Involve, Collaborate, Empower; Somewhat = Inform and Consult; No = No mention of engagement.","Disadvantaged Communit*, DAC, stakeholder, beneficial user",Not Applicable,,,
,,Tribes,2,"Does the Stakeholder Communication and Engagement Plan or GSP include outreach to tribes during GSP implementation? If so, please describe the level of engagement (e.g., whether stakeholders were on an advisory committee, GSA board, working group) in the Notes. Answer according to level of engagement: Yes = Involve, Collaborate, Empower; Somewhat = Inform and Consult; No = No mention of engagement.","Tribal, tribe, stakeholder, beneficial user",Somewhat,"Stakeholder engagement opportunities will be tracked and available on the BCGSA website throughout the GSP development process. Figure 1 shows the required stakeholder engagement opportunities throughout the four phases of GSP development as described by DWR (DWR, 2018). Forms of stakeholder engagement may include public meetings, information distributed to the BCGSA list of stakeholders, or DWR open public comment periods online via the SGMA Portal found at https://sgma.water.ca.gov/portal/#intro. Phase 4 (year 2022+) is the Implementation and Reporting phase following adoption of the GSP.
Active stakeholder involvement and public meetings are encouraged by DWR during this phase.",page 5 / Appendix D,"Does not seem involved during implementation. Provide opportunities to attend meetings but no engagement./Also It doesn't mention how they were notified and needs more detail. The outreach and communication plan provides a very basic understanding of consultation (public notice, meetings, and website) of neighboring tribes, but no real engagement.

Level of engagement: inform"
,,Ecosystems,2,"Does the Stakeholder Communication and Engagement Plan or GSP include outreach to environmental stakeholders during GSP implementation? If so, please describe the level of engagement in the Notes. Answer according to level of engagement: Yes = Involve, Collaborate, Empower; Somewhat = Inform and Consult; No = No mention of engagement.","environment, stakeholder, environmental beneficial user",Somewhat,"Stakeholder engagement opportunities will be tracked and available on the BCGSA website throughout the GSP development process. Figure 1 shows the required stakeholder engagement opportunities throughout the four phases of GSP development as described by DWR (DWR, 2018). Forms of stakeholder engagement may include public meetings, information distributed to the BCGSA list of stakeholders, or DWR open public comment periods online via the SGMA Portal found at https://sgma.water.ca.gov/portal/#intro. Phase 4 (year 2022+) is the Implementation and Reporting phase following adoption of the GSP.
Active stakeholder involvement and public meetings are encouraged by DWR during this phase.",Page 5 / Appendix D,"Does not seem involved during implementation. Provide opportunities to attend meetings but no engagement./Also It doesn't mention how they were notified and needs more detail. The outreach and communication plan provides a very basic understanding of consultation (public notice, meetings, and website) of neighboring tribes, but no real engagement.

Level of engagement: inform"
,,All,2,Does the GSP include a Stakeholder Communication and Engagement Plan?,"Stakeholder community and engagement plan, beneficial user",Yes,,Appendix D: Stakeholder Outreach Plan,"Somewhat, it's not very detailed and covers the baseline concept of what communication and outreach is, eg: website, public hearings, public meeting opportunities"
,,DACs,1,"Does the GSP identify each DAC by name and location on a map? Please indicate in the Notes whether DAC places, tracks, or block data were used.","Disadvantaged Communit*, DAC",Not Applicable,,,No DACs in the basin per SGMA Data Viewer
,,Tribes,1,Are tribal lands identified and mapped in the basin?,"tribal, tribe",No,,,"No tribal lands identified in the basin per SGMA Data Viewer, but four tribes were identified as interested parties. "
,,DACs,2,Does the GSP describe the size of the population in each DAC?,"Disadvantaged Communit*, DAC, population",Not Applicable,,,
,,DACs,2,Does the GSP map the location of all domestic wells by location and by depth?,domestic well,No,Small domestic wells are not included in the WMWD database and are not included in the model. Appendix E 4.3.5,Appendix E 4.3.5,"Domestic well density map is provided, but specific locations and depths are not provided"
,,DACs,2,Does the GSP map the density of domestic wells in the basin?,domestic well,Yes,,"Figure 2-4 pg 2-16 
2.1.2.1",The map doesn't specify the specific location of the wells. 
,,All,,"In the Basin Setting (Groundwater Conditions - Water Quality) section of the GSP, are water quality contaminants or constituents of concern (e.g., Nitrates; Arsenic, Uranium; DBCP; 1,2,3-TCP; Chromium-6; Perchlorate; Particulate Organic Carbon (POC); Brackish water (TDS; salts)) identified and mapped (distribution or contaminant plumes) within the plan area? In the Notes, please specify which contaminants or constituents of concern are present in the basin, and whether (distribution or contaminent plume) maps and trends were provided for each. Answer Yes =  contaminants are identified, mapped, and spatial trends described in the text; Somewhat = contaminants are identified and/or mapped, but not all spatial trends of contaminants are provided; No = No contaminants are / are not identified and mapped, and no spatial trends of contaminants are provided.","Nitrate; Arsenic, Uranium; DBCP; 1,2,3-TCP; Chromium-6; Perchlorate; Particulate Organic Carbon (POC); Brackish water; constituents of concern (COC); water quality; Contaminants",Yes,"
TDS and nitrate are the constituents of concern in the Basin. Current average conditions(2010 through 2019)show average recent concentrations of TDS of 674 mg/L and nitrate as nitrogen concentrations of 2.75 mg/L. The values represent the average concentrations of these constituents in all drinking water and ambient groundwater monitoring events between 2010 and 2019; water quality samples from regulated facilities were not included in the analysis. These average conditions serve as a snapshot and allow a comparison of water quality conditions across the Basin.

4.7.2. Total Dissolved Solids (TDS) 
As indicated above, average recent TDS concentrations in the Basin are just below the secondary MCL for drinking water (500 mg/L). Recent maximum TDS concentrations from all mg/L several historical water quality analyses from wells had higher concentrations of TDS (e.g., exceeding 500 mg/L). Based on data collected by the BCGSA agencies and Glen Ivy (a  small water system) from 2010 through 2019, TDS ranges from 210 milligrams per liter (mg/L) to 1,110 mg/L. The recommended TDS secondary maximum contaminant level (SMCL) for aesthetics is 500 mg/L.
4.7.3. Nitrate as Nitrogen (NO3 as N) 
The average recent nitrate as nitrogen concentration (2.75 mg/L) is low relative to the MCL  of 10 mg/L. Figure 4-13 shows the maximum nitrate as nitrogen concentrations at each well in the Basin. Several wellsin the northern portion of the Basin show elevated historical nitrate concentration of up to 24.8 mg/L. However, no current nitrate detections exceed the MCL of 10 mg/L for nitrate as nitrogen. Nitrate has multiple and widespread sources including fertilizer application (agricultural and landscaping) and wastewater disposal (both municipal and domestic). Given that these sources are on or near the ground surface, shallow groundwater typically is characterized by higher concentrations than deep groundwater.  
4.7.4. Other Constituents 
In 2021, the BCGSA performed a round of baseline water quality sampling for the GSP. This  sampling was designed to serve as a snapshot of ambient water quality for 48 constituents,  including perfluorooctanesulfonic acid (PFOS) and perfluorooctanoic acid (PFOA). Eight wells  were sampled, three in Bedford and two in Coldwater; the results of this sampling event are  included in Appendix F. PFOS and PFOA were detectable with maximum concentration of 14  nanograms per liter (ng/L) and 25 ng/L respectively. The PFOS concentration is slightly above  the response limit of 10 ng/L parts per trillion (ppt) but the PFOA concentration is below the 40 ng/L for PFOS (SWRCB 2020). The response limit for both PFOS and PFOA are based on a  running four quarter average, so are not triggered by one sample. 
Available water quality data indicate slightly elevated sulfate concentrations in the Basin.  While historical sulfate concentrations ranged from 4 to 339 mg/L, recent samples collected in 2021 show sulfate concentrations from 110 to 270 mg/L. Concentrations in two Bedford  wells were above the SMCL for sulfate of 250 mg/L but all wells were below the primary (health related) MCL of 500 mg/L. Sulfate will continue to be monitored as part of the BCGSA’s  monitoring program, it was not selected as a constituent of concern. The causes of elevated  sulfate may be anthropogenic or naturally occurring. The anthropogenic sources of sulfate  are likely from historical agricultural practices that are similar to nitrate and the natural  occurrence due to geologic environment are similar to TDS. Therefore, TDS and nitrate are  sufficient proxies for sulfate. 
Other constituents that could impact beneficial uses or users, including arsenic, were not  detected. While recent water quality data are limited, there is no indication of other constituents of concern. The BCGSA will continue to monitor water supply wells for Title 22  constituents to ensure adequate water quality in the Basin. 

","ES-3 / Executive Summary
Appendix F
2-8 / 2.1.4.2 
4- 8 / 4.7.1 
4-8 / 4.7.2","
Describes TDS and Nitrates as the main consituents of concern, and includes a map of nitrate and TDS concentrations by well, the sampling is from 2012. The GSP also lists a number of other consituents that are present to a lesser degree: PFOS, PFOA and Sulfate. The other COC's have been identified not as a concern level in Appendix F.

Consituents of Concern: TDS and Nitrates"
,,DACs,2,"Does the GSP identify the sources of water for DACs (e.g., what percentage is supplied by groundwater?","Disadvantaged Communit*, DAC",Not Applicable,,,
BASIN SETTING,Interconnected Surface Waters (ISW),Environment,1,"Are gaining and losing reaches adequately assessed spatially and temporally (e.g., groundwater levels (from proximate wells to streams and sufficient density of wells along streams) compared with stream elevation; numerical modelling)? If so, please describe the approach used in the Notes. ","Interconnected surface water, ISW, gaining, losing",Somewhat,"A review of 27 high-resolution aerial photographs (Google Earth 2021) between 1994 and 2020 did not reveal any reaches of Temescal wash that appeared to have groundwater discharge; that is, flowing or ponded reaches in an otherwise dry channel during the dry season. Thus, the reach of Temescal Wash that passes through the Bedford-Coldwater Basin does not appear to gain flow from groundwater seepage into the channel, at least during the dry season. Water levels in wells near the creek further suggest that the water table is usually below the creek bed elevation. 

&& Depth to groundwater provides a general indication of locations where gaining streams and riparian vegetation are likely to be present. However, available data are of limited use for this purpose due to insufficient geographic and vertical coverage. Available data are almost entirely from water supply wells, which are typically screened deep in the aquifer. The groundwater elevation (potentiometric head) at the depth of the well screen can be different from the true water table, which is the first zone of saturation reached when drilling down from the ground surface. Because recharge occurs at the land surface and pumping occurs at depth, deep alluvial basins such as this one typically have large downward head gradients within the aquifer system. Thus, water level information from wells can potentially underestimate the locations where the water table is shallow enough to support phreatophytic riparian vegetation. Creeks and rivers that lose water commonly form a mound in the water table near the creek or river. The height and width of the mound depends on the transmissivity of the shallowest aquifer. As an example, in other basins where this condition is observed, groundwater elevations in a shallow well adjacent to the Arroyo Seco in the Salinas Valley California rose 5 to 10 feet more than groundwater elevations in wells 1,000 feet away when the river started These examples suggest that shallow wells within 100 to 200 feet of a stream channel would be needed to confirm the presence of hydraulic connection between surface water and groundwater in the Bedford-Coldwater Basin.

 && Groundwater does not discharge into streams unlessthe watertable is equal to or higherthan the elevation of the stream bed. In addition, the water table does not provide water to phreatophytic vegetation unless it is at least as high as the base of the root zone. The depth of the root zone is uncertain, partly because the relatively few studies of rooting depth have produced inconsistent results and partly because rooting depth for some riparian species is facultative. Thismeansthatthe plants will grow deeperrootsif the watertable declines. Many species (including cottonwood and willow) germinate on moist soils along the edge of a creek in spring. As the stream surface recedes during the first summer, the seedlings survive if the roots grow at the same rate as the water-level decline. Over a period of years, roots grow deeper as the land surface accretes from sediment deposition and/or the creek channel meanders away from the young tree or shrub. Available water level data from wells were reviewed to identify parts of the Basin where the water table elevation might possibly be high enough to be reached by phreatophyte roots. For screening purposes, a depth to water of less than 30 feet in wells was selected as a threshold for identifying possible phreatophyte areas. This depth allows for 10 to 15 feet of root depth, 5 feet of elevation difference between the water level in the well and the overlying true water table, and 15 feet of elevation difference between well heads and the bottoms of nearby creek channels. A second limitation of available groundwater elevation data is the sparse geographic  distribution of wells with measurements. Fortunately, many wells in the Basin with water- level data are located along Temescal Wash. Figure 4-16 shows a map of the eleven wells with relatively long-term water-level records. They are clustered into five areas. The only location where the typical spring depth to water was less than 30 feet was at the north end of the Basin, near the Flagler and Corona Non-Potable wells. Hydrographs of water levels in those wells are shown in Figure 4-17. Typical spring depths to water in the five wells in that area ranged from 15 to 27 feet. Slightly farther upstream—at the TVWD wells—typical depths to water were slightly greater than 30 feet. Depth to water increases rapidly to the west of Temescal Wash. At the Corona and Station 71 wells, the typical depth to water was 80 to 200 feet.","pg 4-11 / 4.9.1
pg 4-12 / 4.9.2 && Figure 4-16 && Figure 4-17","Assessed stream flow temporally (1994 - 2020) and spatially. Only used aerial photographs. Did not assess/consider wet season. Plan used stream flow measurments, aerial photos, and sparse shallow groundwater measurements to assess ISWs. Groundwater depths are used when describing ISWs and GDEs. An area of wells show depths less than 30 feet, suggesting connection, but a lack of groundwater data along all surface water leaves too many data gaps for an adequate assessment."
,,Environment,1,"Are the conclusions of ISWs (e.g., no ISWs, some gaining/losing/disconnected) consistent with the assessment? Please describe details in the Notes.","Interconnected surface water, ISW, gaining, losing",No," In summary, groundwater levels in the Basin appear to be too low to normally maintain a hydraulic connection with the Temescal Wash channel. Therefore, groundwater pumping does not deplete flow in Temescal Wash. Groundwater levels might be high enough tosupport phreatophytic riparian vegetation with roots extending 10-15 feet below the elevation of the creek bed.",Page 4-12 / 4.9.2 && Figure 15 HYDROGEOLOGIC CONCEPTUAL MODEL – NEW BEDFORDCOLDWATER BASIN/,"In HYDROGEOLOGIC CONCEPTUAL MODEL – NEW BEDFORDCOLDWATER BASIN they show on Figure 15 that there is a connection with ground water, but they fail to address it clearly./ Data gaps are identified but more explanation and data is needed. Potential ISW needs to be identified based on lack of data."
,,Environment,1,"Are all shallow principal aquifers acknowledged in defining ISW? Note: if there is only one unconfined aquifer in the basin, consider this aquifer as the shallow aquifer.","principal aquifer, shallow ",Yes,"A second limitation of available groundwater elevation data is the sparse geographic distribution of wells with measurements. Fortunately, many wells in the Basin with waterlevel data are located along Temescal Wash. Figure 4-16 shows a map of the eleven wells with relatively long-term water-level records. They are clustered into five areas. The only location where the typical spring depth to water was less than 30 feet was at the north end of the Basin, near the Flagler and Corona Non-Potable wells. Hydrographs of water levels in those wells are shown in Figure 4-17. Typical spring depths to water in the five wells in that area ranged from 15 to 27 feet. Slightly farther upstream—at the TVWD wells—typical depths to water were slightly greater than 30 feet. Depth to water increases rapidly to the west of Temescal Wash. At the Corona and Station 71 wells, the typical depth to water was 80 to 200 feet.",Figure 4-17 / 4.9.2 ,"There is one unconfined aquifer (see cross sections in figures 3-8 and 3-9) and the GSP acknowledges it, even though a lack of shallow groundwater data exists. "
,,Environment,2,Were data gaps identified when mapping ISWs?,"Interconnected surface water, ISW",Somewhat,"As noted in Section 6.7.8, there are several data gaps related to depletions of interconnected surface water along Temescal Wash. Data gaps include lack of water level data in certain areas, lack of dedicated monitoring (vs. production) wells, lack of wells within or near the wash channel, and uncertainty regarding vertical gradients. The objective of Project 1 is to address this data gap and improve protection of a potentially groundwater-dependent ecosystem (GDE) along Temescal Wash. Wells with water-level data are clustered in a small number of locations. Water levels are unknown in many areas that experienced vegetation die-back.

• Almost all wells with water-level data are also production wells. Water-level drawdown that results from pumping is greater and more persistent near a pumping well than in areas far from the well. Consequently, it is difficult to accurately estimate depth to the water table in areas where there is no nearby pumping. • The wells with data are not in the creek channel or within the areas with dense riparian vegetation, and the vertical distance between the wellhead and creek channel has not been surveyed at any well locations. The elevation difference can be estimated, but the lack of measured data produces uncertainty in estimating the depth to water at the channel. • Vertical water-level gradients within the aquifer system are largely unknown. Pumping commonly creates vertical water-level gradients within basin fill materials, such that the true water table near the land surface is higher than the water level in a deep production well at the same location. Some indication of vertical gradients can be gleaned from a study of flow and vegetation along Temescal Wash downstream of EVMWD’s Regional WRF in 2007 to 2008 (MWH 2008). Although the WRF is in the Elsinore Subbasin, vertical gradients caused by pumping would be similar in the Bedford MA. Shallow (seven-foot-deep) piezometers were installed in the channel at several locations along a four-mile reach extending downstream from the WRF. Water levels at piezometer TW7, CM2 and TW2 are included in the hydrographs for the Alberhill and Cemetery wells (see Figure 6-4). Unfortunately, most of the piezometers are not located near production wells. In terms of depth to water, the piezometer water levels appear generally shallower and more stable than are water levels in the nearest monitored production wells, which is consistent with the presence of vertical gradients caused by pumping at depth.","8-4 / 8.6 
6-39  / 6.7.8",Data gaps identfied in the sustainable management criteria and PMA sections but not the ISW section explicitely
,,Environment,2,"In the case of data gaps and uncertainty, were streams mapped and described as potential ISWs in the GSP? If ISWs are adequately mapped and there is no uncertainty in the ISW mapping, then select ""Not Applicable"".","Interconnected surface water, ISW, data gap",No,,,No potential ISWs were identified
,Groundwater Dependent Ecosystems (GDE),Environment,1,"Is there an inventory, map, or description of fauna (e.g., birds, fish, amphibian) and flora (e.g., plants) species or habitat types in the basin's GDEs? Please indicate in the notes if threatened and endangered species are identified in the GSP.","groundwater dependent ecosystem, groundwater-dependent ecosystem, GDE, habitat, species",Somewhat,"Furthermore, some of the plant species included in the NCCAG mapping are facultative phreatophytes, which means they will exploit a water table if it is within a reachable depth but otherwise survive on soil moisture (typically with smaller stature and greater spacing between plants). These species include red willow (Salix laevigata), which is the most common species mapped along Temescal Wash. 

The MSHCP includes mapped areas that are potential habitat for several animal species. The western edge of a very large habitat area for burrowing owl overlaps the eastern edge of the Basin. However, the owl is an upland species that is not dependent on riparian or wetland vegetation. The coastal California gnatcatcher is a bird species federally listed as threatened. Critical habitat areas delineated by the U.S. Fish and Wildlife Service that are in or near the Basin are shown in Figure 4-22. 

Animals dependent on riparian vegetation can also be considered dependent on groundwater. The Western Riverside County Multi-Species Habitat Conservation Plan (MSHCP) evaluates the presence and habitat needs of 146 species. The only ones mapped in the vicinity of the Basin are upland plants and burrowing owls, none of which are dependent on groundwater (Western Riverside County Regional Conservation Authority 2020). The federally threatened California coastal gnatcatcheris a bird species associated with sage scrub environments. The designated critical habitat areas are almost exclusively in upland areas outside the Basin. However, edges of a few mapped habitat areas border the Temescal Wash corridor (see Figure 4-20). 

","Figure 4-22 pg 4-13/ 4.9.3
Figure 4-21 pg 4-16  / 4.9.4.1
6-31 / 6.7.2.1 && Figure 4-16","The GSP mentions endangered species, but they say they are not dependant on GW in that area. 
No inventory of species provided, but some limited descriptions of fauna and flora species. Provides a map of where gnatcatchers exist in basin area. No other inventories or descriptions of other species. 
Also does not provide the mentioned MSHCP, which is the reference document for the species that are ""not groundwater dependent"". Plan includes NC dataset polygons with NDMI values from GDE pulse and a wetland map (figure 4-16 and 4-21) "
,,Environment,1,"Were GDEs in the basin identified (mapped) and described in the GSP using best available data (e.g., NC dataset, localized VegMap data)? Please describe which data were used in the Notes.","groundwater dependent ecosystem, groundwater-dependent ecosystem, GDE, NC dataset, VegMap",Somewhat,"However, older and more recent aerial photographs indicate that the vegetation has not been a permanent feature of the landscape. The figure also shows the distribution of vegetation classified as Natural Communities Commonly Associated with Groundwater (NCCAG) by The Nature Conservancy in cooperation with DWR. Based on multiple historical vegetation surveys from the early 2000s, the Nature Conservancy prepared detailed statewide mapping of NCCAG vegetation that is accessible on-line (DWR et al. 2020). The extent of NCCAG vegetation is much greater than the extent of dense riparian vegetation and includes vegetation where the water table is certainly deeper than the root zone (such as near the Corona wells). Thus, some of the vegetation in the NCCAG polygons is probably not relying on groundwater. ","Figure 4-16 / 4.9.3
4.9.4","The GSP usese NCCAG, but also discounts the data from NCCAG. Figure 4-16 is a map of NDMI (from GDE Pulse) but there is no map of GDEs.  Riparian vegetation is discussed in reference to ISWs, but not GDEs specifically. No section explicitly on GDEs, however, there is a section on riparian vegetationa and wetlands with maps of both."
,,Environment,1,Was depth-to-groundwater data from the underlying principal aquifer used to verify the NC dataset?,"groundwater dependent ecosystem, groundwater-dependent ecosystem, GDE, NC dataset, depth to groundwater",No,"However, available data are of limited use for this purpose due to insufficient geographic and vertical coverage. Available data are almost entirely from water supply wells, which are typically screened deep in the aquifer. The groundwater elevation (potentiometric head) at the depth of the well screen can be different from the true water table, which is the first zone of saturation reached when drilling down from the ground surface. Because recharge occurs at the land surface and pumping occurs at depth, deep alluvial basins such as this one typically have large downward head gradients within the aquifer system. Thus, water level information from wells can potentially underestimate the locations where the water table is shallow enough to support phreatophytic riparian vegetation. && Water levels in wells with relatively shallow depth to water declined 15 to 25 feet during 2012 to 2015, albeit unevenly in some wells.",4-11 &&4-14 / 4.9.2,"While there was depth to water data presented in GSP, it was not used to verify the dataset"
,,Environment,2,"Did the GSP avoid using any of the following criteria when deciding whether or not to remove NC dataset polygons from the final GDE map?: 1)Presence of Surface Water, 2)Distance from agricultural fields, 3)Principal aquifer was not considered main pumping aquifer, 4)Other?  If so, please specify in the Notes. ","groundwater dependent ecosystem, groundwater-dependent ecosystem, GDE, NC dataset",No,"Older historical aerial photographs show that dense riparian vegetation was not always present prior to the 1990s (that is, prior to the Google Earth imagery). Figure 4-20 shows aerial photographs taken in 1967 of a 2-mile reach of Temescal Wash in the northern part of the Bedford-Coldwater Basin. It includes the area shown in Figure 4-18 (green rectangle). There was almost no dense riparian vegetation anywhere along the Wash in 1967. Two factors probably contributed to the lack of vegetation. First, precipitation had been consistently below average since 1947 (see additional discussion in Chapter 5). Second, groundwater pumping was higher in those days to support irrigation of citrus groves (some of which are visible in the photograph). Pumping from the Bedford area averaged 3,000 acre-feet per year (AFY) during 1947 to 1967 (WEI 2015b) versus 1,800 AFY during 2015 to 2019. Both of these factors probably contributed to low surface flow and low groundwater levels, which together killed any prior dense riparian vegetation or prevented such vegetation from becoming established. In summary, the extent, density and health of riparian vegetation has been variable historically. Vegetation appears to become denser and lusher when surface flow is more abundant and groundwater levels are consistently shallow, and it dies back during droughts and when groundwater levels are low. At any given time, the extent to which riparian vegetation along some reaches of Temescal Wash is phreatophytic and therefore affected by groundwater levels is unclear. The presence of groundwater elevations that are probably within reach of phreatophyte roots, the presence of patches of dense riparian tree canopy, and the co-occurrence of groundwater declines and vegetation stress and mortality within the past decade all suggest that some vegetation is dependent on groundwater. However, other drought-related decreases in water availability could have contributed to the observed impacts on vegetation. Additional information regarding the true water table depth in the riparian zone and a more comprehensive evaluation of rainfall, irrigation, and wastewater discharge time series is needed to confirm the degree of vegetation dependence on groundwater levels. 

 && The NCCAG vegetation mapping tool also includes a wetlands map, which is reproduced here with simplified mapping categories in Figure 4-21. In the Bedford-Coldwater Basin, almost all of the wetland polygons are   ithin the Temescal Wash channel and accounted for in the preceding discussion of riparian vegetation. The wetland categories for those polygons are mostly marsh (palustrine) or riverine and characterized as   easonally flooded. Vegetation along the low-flow channel is classified as permanently or semi-permanently flooded, which a brief inspection of aerial photographs shows is clearly incorrect. A handful of small wetland polygons were mapped in upland areas west of Temescal Wash. Most are high up in the stream canyons where perennial stream flow or shallow groundwater is sustained by small amounts of groundwater inflow from the bedrock tributary areas and not affected by pumping in the main part of the Basin. Several patchestotaling 1.4 acres are midway between the wash and western Basin boundary, where regional groundwater levels are many tens of feet below the ground surface. The seasonal flooding or saturation that supportsthe wetlandtype vegetation almost certainly derives from pooled rainfall runoff or interflow rather than discharge of regional groundwater.",4-15 && 4-16 / 4.9.4,They consider flooding to remove NC dataset polygon using criteria 1 (Presence of Surface Water)  and 3 (principle aquifer was not considered main pumping aquifer)
,,Environment,2,"Were multiple water year types (e.g., wet, average, dry) of groundwater level data used to characterize groundwater conditions in the GDEs? If so, please indicate which years and water year types in the Notes.","groundwater conditions, groundwater dependent ecosystem, groundwater-dependent ecosystem, GDE, depth to groundwater, depth to water",No,"the Normalized Difference Vegetation Index (NDVI) and the Normalized Difference Moisture Index (NDMI). Both are calculated asratios ofselected visible and infrared light wavelengths. The Nature Conservancy developed a second on-line mapping tool called GDE Pulse that provides annual dry-season averages of NDVI and NDMI for each mapped NCCAG polygon for 1985-2018 to assist with the identification of groundwater dependent ecosystems (GDEs) (TNC 2020). In Figure 4-16, the polygons are color-coded by the change in NDMI from 2012 to 2015, with positive values in increasingly dark shades of green and negative values in increasingly dark shades of red. Negative values indicate stress due to desiccation. The NDVI patterns were similar to the NDMI patterns.
","4-13 / 4.3.9.5
Figure 5-1 / 5.2","They have a whole section on 5.2 regarding whole dry and wet season. however they don't cover GDE on that section.. 2012 to 2015
No water year types were used to characterize groundwater conditions in GDEs. Figure 5-1 shows water years types for precipitation but is not cross referenced to groundwater conditions and depths"
,,Environment,2,Were depth-to-groundwater measurements under GDEs corrected for land surface elevations?,"DEM, digital elevation model, land surface elevation, depth to groundwater, GDE, groundwater dependent ecosystem",No,"A second limitation of available groundwater elevation data is the sparse geographic distribution of wells with measurements. Fortunately, many wells in the Basin with water-level data are located along Temescal Wash. Figure 4-16 shows a map of the eleven wells with relatively long-term water-level records. They are clustered into five areas. The only location where the typical spring depth to water was less than 30 feet was at the north end of the Basin, near the Flagler and Corona Non-Potable wells. Hydrographs of water levels in those wells are shown in Figure 4-17. Typical spring depths to water in the five wells in that area ranged from 15 to 27 feet. Slightly farther upstream—at the TVWD wells—typical depths to water were slightly greater than 30 feet. Depth to water increases rapidly to the west of Temescal Wash. At the Corona and Station 71 wells, the typical depth to water was 80 to 200 feet.",page 4-12 / 4.9.2,They didn't use DEM or LIDAR and no mention of correcting for land surface elevations provided. Figure 4-17 presents shallow water hydrographs of groundwater elevations (MSL) but not discussed in detail under GDEs
,,Environment,2,Were data gaps identified when mapping GDEs?,"groundwater dependent ecosystem, groundwater-dependent ecosystem, GDE, data gap, shallow monitoring well, shallow aquifer",Somewhat,"Additional information regarding the true water table depth in thevriparian zone and a more comprehensive evaluation of rainfall, irrigation, and wastewater discharge time series is needed to confirm the degree of vegetation dependence on groundwater levels. 

&& As noted in Section 6.7.8, there are several data gaps related to depletions of interconnected surface water along Temescal Wash. Data gaps include lack of water level data in certain areas, lack of dedicated monitoring (vs. production) wells, lack of wells within or near the wash channel, and uncertainty regarding vertical gradients. The objective of Project 1 is to address this data gap and improve protection of a potentially groundwater-dependent ecosystem (GDE) along Temescal Wash.","8-4 / 8.6
4-15 / 4.9.3","GDEs (as riparian vegeation and wetlands) are mapped in figures 4-16 and 4-21. Data gaps are mentioned in section 8, but are not clearly in the GDE section."
,,Environment,2,"In the case of data gaps and uncertainty, were potential GDEs mapped and described in the GSP?","potential groundwater dependent ecosystem, potential GDE, potential groundwater-dependent ecosystem, data gap",No,,,There is no map of potential GDE and no descibtion of potential GDEs
,Water Budget,Ecosystems,1,"Does the GSP include water demands for native vegetation in the historic, current, and projected water budgets?","water budget, native vegetation, phreatophyte",Yes,"
5.7.2.4. Riparian Evapotranspiration, Evapotranspiration of groundwater by phreatophytic riparian vegetation is influenced by available soil moisture and by depth to the water table. Like other types of vegetation, phreatophytes use soil moisture supplied by rainfall when it is available. Any remaining evapotranspiration demand is met by drawing water from the water table. Phreatophyte use of groundwater is assumed to decrease from the maximum rate when the water table is at the land surface to zero when the water table is 20 feet or more below the ground surface. These calculations are applied at all model cells, but non-zero amounts only occur where the depth to water is commonly less than 20 feet. Aerial photographs indicate a correlation between those areas and the presence of dense, lush riparian vegetation. Riparian evapotranspiration (ET) was a relatively minor component of groundwater outflow in both MAs—averaging four percent of total outflowsfrom the Coldwater MA and 10 percent of total outflows from the Bedford MA.","
5-18 / 5.7.2.4","Evapotranspiration of phreatophytic vegetation is included in the groundwater model for the water budgets. Other than phraetophytic vegation, no specific call out of native vegetation water demands are discussed in the sections. "
,,Ecosystems,1,"Does the GSP include water demands for managed wetlands in the historic, current, and projected water budgets?","water budget, managed wetlands",Not Applicable,"Evapotranspiration of groundwater by phreatophytic riparian vegetation is influenced by available soil moisture and by depth to the water table. Like other types of vegetation, phreatophytes use soil moisture supplied by rainfall when it is available. Any remaining evapotranspiration demand is met by drawing water from the water table. Phreatophyte use of groundwater is assumed to decrease from the maximum rate when the water table is at the land surface to zero when the water table is 20 feet or more below the ground surface. These calculations are applied at all model cells, but non-zero amounts only occur where the depth to water is commonly less than 20 feet. Aerial photographs indicate a correlation between those areas and the presence of dense, lush riparian vegetation. Riparian evapotranspiration (ET) was a relatively minor component of groundwater outflow in both MAs—averaging four percent of total outflowsfrom the Coldwater MA and 10 percent of total outflows from the Bedford MA.","Table 5-4, pg 5-15 / 5-5.7 
5-1 / 5.7.2.4",Average Annual Groundwater budgets includes riparian evapotranspiration in the water budget. No mention of managed wetlands
,,Climate Change,1,"Does the GSP incorporate climate change into the projected water budget using DWR change factors or other source? If other, please specify in the Notes. If DWR change factors were used, indicate in the Notes whether the GSP use 2030 factors, 2070 factors, or both?","water budget, climate change, change factors, 2030, 2070",Yes,"5.5.3. Simulation of Future Conditions
GSP regulations §354.18(c)(3) require simulation of three future scenarios to determine their effects on water balances, yield, and sustainability indicators. For this scenario, the growth and climate change scenarios were combined, resulting in the following two scenarios: Baseline. This represents a continuation of existing land and water use patterns, imported water availability, and climate. Growth Plus Climate Change. This scenario implements anticipated changes in land use and associated water use, such as urban expansion, and anticipated effects of future climate change on  local hydrology (rainfall recharge and stream percolation) and on the availability of imported water supplies. Both the future simulations assume a constant level of development and related water
demand in the Basin. Development in the growth plus climate change simulation is not phased in over time. This is the best way to demonstrate whether 2068 land use is sustainable because it allows for assessment of the effects of variations in climactic conditions (wet and dry cycles) on groundwater conditions, avoids subjective decisions about the concurrent timing of droughts and development, and providestime for the full effect of future conditions on groundwater to become apparent
&&&
The growth plus climate change scenario incorporated anticipated effects of climate change, urban development, and associated changes in water and wastewater management. In this scenario, rainfall and reference evapotranspiration (ET0) were adjusted to 2070 conditions using monthly multipliers developed by DWR based on climate modeling studies. The multipliers were applied to historical monthly data for the 1993 to 2017 hydrologic period used in the model. DWR prepared a unique set of multipliers for each foursquare kilometer (km2 ) cell of a grid covering the entire state.",5-7 / 5.5.3.2,They have used a DWR Multiplier
,,Climate Change,1,"Does the GSP consider multiple climate scenarios (e.g., the 2070 wet and 2070 extremely dry) scenarios in the projected water budget? If there are other scenarios considered in the GSP, please specify in the Notes.","projected water budget, 2070",No,"The multipliers were applied to historical monthly data for the 1993 to 2017 hydrologic period used in the model. DWR prepared a unique set of multipliers for each foursquare kilometer (km2 ) cell of a grid 
 covering the entire state. Nine climate grid cells overlie the Basin and its tributary watershed areas. For each recharge analysis polygon in the rainfall-runoff-recharge model, multipliers from the nearest climate grid cell were used",5-7 / 5.5.3.2,Only 2070 baseline is considered. There is no mention of 2070 wet or dry
,,Climate Change,2,Does the GSP incorporate climate change into precipitation inputs for the projected water budget?,"projected water budget, precipitation, input",Yes,"The growth plus climate change scenario incorporated anticipated effects of climate change, urban development, and associated changes in water and wastewater management. In this scenario, rainfall and reference evapotranspiration (ET0) were adjusted to 2070 conditions using monthly multipliers developed by DWR based on climate modeling studies. The multipliers were applied to historical monthly data for the 1993 to 2017 hydrologic period used in the model. DWR prepared a unique set of multipliers for each foursquare kilometer (km2) cell of a grid covering the entire state. Nine climate grid cells overlie the Basin and its tributary watershed areas. For each recharge analysis polygon in the rainfall-runoff-recharge model, multipliers from the nearest climate grid cell were used. The climate in 2070 is expected to be drier and warmer than at present. 

Figure 5-3 compares average monthly precipitation and ET0 before and after applying the climate change multipliers. Simulations of irrigated turf in the rainfall-runoff-recharge model indicated that the combined effect of the warmer and drier climate will be to increase annual irrigation demand by about 10 percent.",Figure 5-3 pg 5-7 / 5.5.3.2,
,,Climate Change,2,Does the GSP incorporate climate change into evapotranspiration inputs for the projected water budget?,"projected water budget, evapotranspiration, ET, input",Yes,"In this scenario, rainfall and reference evapotranspiration (ET0) were adjusted to 2070 conditions using monthly multipliers developed by DWR based on climate modeling studies",5-7 / 5.5.3.2,
,,Climate Change,2,"Does the GSP incorporate climate change into surface water flow inputs (e.g., imported water, streamflow) for the projected water budget?","projected water budget, surface water flow, input",Yes,"In the growth plus climate change scenario, bedrock inflow and surface inflow from tributary streams along the perimeter of the Basin were re-simulated using the rainfall-runoff-recharge model to reflect the effects of urban development in some of the tributary watersheds and of climate change. Urbanization also increased surface runoff within the Basin, which was routed to small streams and Temescal Wash.","5-7 / 5.5.3.2
 Table 5-3, pg 5-11 / 5.6",
,,Climate Change,2,Does the GSP incorporate climate change into sea level inputs for the projected water budget?,"projected water budget, sea level, input",Not Applicable,"There is no monitoring for seawater intrusion and no gaging of tidal influence. The Basin is located over 20 miles inland from the Pacific Ocean, and its lowest elevations are around 1,000 feet above sea level. No risk of seawater intrusion exists in the Basin given its location and therefore no monitoring is needed.",7-5 / 7.1.3,No risk of seawater intrusion exists in the Basin given its location and therefore no monitoring is needed.
,,Climate Change,2,Does the GSP calculate a sustainable yield based on the projected water budget with climate change incorporated?,"sustainable yield, projected water budget",Yes,"""The sustainable yield is defined as the volume of pumping that the Basin can sustain without causing undesirable effects. It is not a fixed orinherent natural characteristic of a groundwater basin. Rather, it is influenced by land use activities, importation of water, wastewater and stormwater management methods, potential recharge with recycled water, and the locations of wells with respect to interconnected streams. The estimates ofsustainable yield presented in this section reflect the current status of those variables under the historical and future scenarios and evaluates whether there would be a long-term increase or decrease in basin storage if those conditions continued over a 50-year future period.""","Table 5-5, pg 5-21  / 5.9","GSP provides 3 different sustainable yields: historic, baseline (2019-2068), and growth plus climate change (2019-2068)"
SUSTAINABLE MANAGEMENT CRITERIA,Undesirable Results,Domestic,1,Does the GSP analyze direct or indirect impacts on domestic drinking wells when defining Undesirable Results for 1) Chronic Lowering of Groundwater Levels and 2) Water Quality (See line 24)?,"domestic well, drinking water, undesirable result, groundwater levels, water quality, groundwater quality",Somewhat,"For Bedford-Coldwater Basin, the primary potential cause of declining groundwater levels and associated undesirable results would be increased groundwater production and/or reduced inflows (recharge). Given that the Bedford-Coldwater Basin is not characterized by basin-wide chronic groundwater level declines, then the undesirable results of a well losing yield, or “going dry” represent a more complex interplay of causes and shared responsibility. Currently 12 wells are regularly monitored for TDS and/or nitrate in the Basin by GSA member agencies,shown on Table 6-2. The wells generally are sampled semi-annually with lab analysis for general minerals and physical parameters. Accordingly, this data set can be used to detect a range of problems quickly, to track trends, allow geochemical investigation, and support focused management actions.$$$ 
As documented in Groundwater Conditions Section 4.1, analysis of hydrographs reveals that Bedford-Coldwater is not characterized by basin-wide chronic groundwater level declines. While affected at times by drought, groundwater levels in broad areas of the Basin have been maintained at relatively stable levels. Moreover, the Bedford-Coldwater area has not been marked by reports of significant impacts to shallow supply wells as a result of water level declines. In the absence of reported well problems associated with declining groundwater levels, it can be concluded that undesirable results for the chronic lowering of water levels are not occurring in the Bedford-Coldwater and that the Basin is managed sustainably relative to groundwater levels.$$$
Water Quality. General relationships are recognized, for example that contaminants may be mobilized by changing groundwater levels or flow patterns. Maintenance of groundwater levels within historical operational ranges would minimize any effects on maintenance of water quality at or above minimum thresholds. The groundwater quality issues in Bedford-Coldwater Basin are associated primarily with salt and nutrient loading and not likely to be affected by groundwater levels or flow within operational ranges.&&&
Degraded water quality can impair water supply and affect human health and the environment. Impacts to drinking water supply wells can result in increased sampling and monitoring, increased treatment costs, use of bottled water, and loss of wells, which may be taken offline because of quality issues. As described in Groundwater Conditions Sections 4.6 and 4.7, elevated concentrations in drinking water of some constituents, such as nitrate, can adversely affect human health.$$$
6.2.1  For purposes of setting a Minimum Threshold, undesirable results are defined as a well going dry. This appears to be a low standard and not protective of private wells but there are very few private wells in the Basin. The rationale is summarized as follows with more explanation in the following sections:
• There are very few active private wells in the Basin, as residential users are connected to municipal water supplies.
• Known private wells are for non-potable uses and are of similar depths and constructio  to the monitored municipal supply wells. No private wells have been reported to have water shortages in the California Department of Water Resources (DWR) led Household Water Supply Shortage Reporting System (DWR 2021).
• Responsibility for potential undesirable results to shallow wells is shared between a GSA and a well owner; there is a reasonable expectation that a well owner would construct, maintain, and operate the well to provide its expected yield over the well’s life span, including droughts.""","6-5 / 6.2  
6.5 / 6.2.1
5-13 / 6.2.2
6-11/6.2.6.2
6-25 / 6.6.4 ","They mention ""GSA is not solely responsible for local or well-specific problems and furthermore that responsibility is shared with a well owner."" the private or domestc wells are mostly nonpotable wells. They also point out bedford basin is not characterized by chronic gw lvl decline. so this basin won't be affected by chronic lowering of gw,?!! they also mention how chronic lowering can affect GW quality very vague. 
Private/domestic wells are mentioned in the description of undesirable results for Chronic Lowering of Groundwater Levels, but the direct or indirect impacts are not discussed.  Unsure if domestic wells are addressed in the Water Quality section since they assess monitoring wells but not specifically domestic/private wells. More indepth study in this section is needed. however they have 12 wells for sampling of nitrate and TDS"
,,DACs,1,"Does the GSP analyze direct and indirect impacts on DACs when defining Undesirable Results for 1) Chronic Lowering of Groundwater Levels, 2) Water Quality (see line 24), and 3) Depletions of Interconnected Surface Waters?","disadvantaged communit*, DAC, tribal, tribe, drinking water, undesirable result, groundwater levels, water quality, groundwater quality",Not Applicable,,,NA because no DACs are identified in the project area
,,Tribes,1,"Does the GSP analyze direct and indirect impacts on Tribes when defining Undesirable Results for 1) Chronic Lowering of Groundwater Levels, 2) Water Quality (see line 24), and 3) Depletions of Interconnected Surface Waters?","disadvantaged communit*, DAC, tribal, tribe, drinking water, undesirable result, groundwater levels, water quality, groundwater quality",No,,,no Tribes are mentioned
,,Ecosystems,1,"Does the GSP analyze direct and indirect impacts on GDEs when defining Undesirable Results for 1) Chronic Lowering of Groundwater Levels, 2) Water Quality, and 3) Depletions of Interconnected Surface Waters?","groundwater dependent ecosystem, GDE, groundwater-dependent ecosystem, instream, environment, undesirable result, groundwater levels, water quality, groundwater quality, depletion of surface water, ISW",Somewhat,"6.7.1. Description of Undesirable Results: If a stream is hydraulically connected to groundwater, pumping from nearby wells can reduce the amount of stream flow by intercepting groundwater that would have discharged into the stream or by inducing seepage from the stream. Undesirable results associated with stream flow depletion include reduced quality and quantity of aquatic and riparian habitats and reduced water supply to downstream users. Conceptually, adverse habitat impacts can result from decreased rainfall, decreased stream flow and/or lowered groundwater levels. These variables are highly correlated in time: droughts include rainfall reductions, decreased stream flows, and lowered groundwater levels at a time when habitat impacts are usually the most severe. Furthermore, droughts and wet periods are a natural feature of California’s climate and are associated with waxing and waning of habitat conditions.
In summary, Temescal Wash does not appear to be a significant habitat for any listed animal species that would potentially be impacted by groundwater pumping or water levels. However, riparian shrubs and trees and non-listed animal species that use them could potentially be impacted during droughts if lowered groundwater levels cause vegetation dieback or mortality.$$
Animals dependent on groundwater include fish that permanently reside in Temescal Wash or migrate up and down the Wash during the high flow season, amphibians, and birds that inhabit riparian vegetation. Temescal Wash historically supported a steelhead trout run, remnants of which persist as resident rainbow trout in Coldwater Canyon Creek (which enters the Bedford-Coldwater Basin from the Santa Ana Mountains). Currently, perennially ponded areas along the lower reaches of the creek support robust population of invasive and exotic predatory species including bass, bullhead, sunfish, carp, and some slider turtles (Russell 2020). Arroyo chub is another fish that was once present in the Santa Ana River watershed, but it has been extirpated in most streams due to these exotic predators. Riverside County Resource Conservation District (RCRCD) implemented the Temescal Creek Native Fish Restoration Project in the early 2000s, which focused on eliminating nonnative plant and animal species that prey upon or create unfavorable habitat conditions for native fish species (Western Riverside County Regional Conservation Authority 2020). However, flow conditions in Temescal Wash do not currently support native fish (Russell 2020).
Animals dependent on riparian vegetation can also be considered dependent on groundwater. The Western Riverside County Multi-Species Habitat Conservation Plan (MSHCP) evaluates the presence and habitat needs of 146 species. The only ones mapped in the vicinity of the Basin are upland plants and burrowing owls, none of which are dependent on groundwater (Western Riverside County Regional Conservation Authority 2020). The federally threatened California coastal gnatcatcher is a bird species associated with sage scrub environments. The designated critical habitat areas are almost exclusively in upland areas outside the Basin. However, edges of a few mapped habitat areas border the Temescal Wash corridor (see Figure 4-20).$$$
The extent and health of riparian vegetation along Temescal Wash was evaluated using three data sets: 1) Google Earth aerial imagery dating back to 1994 (Google Earth 2021), 2) NCCAG mapping of riparian vegetation representing a composite of numerous vegetation mapping eforts around the state (most dating from the early 2000s) (DWR et al. 2020), and 3) TNC’s GDE Pulse on-line mapping tool showing vegetation moisture status based on satellite data (TNC 2020).","6-30/ 6.7.1
6-32 / 6.7.4
6.7.2.2
6.7.2.3
6-32/ 6.7.2.4","They consider GDE on the depletion of ISW (wetlands, animals, riparian vegetation) and lowering of GW, they don't go into detail for water quality/ These sections' undesirable results do not provide analysis either direct or indirect impacts on GDEs. They conclude regarding ISW, the subbasin is now sustainable regarding GDE"
,Minimum Thresholds,All,2,Does the GSP establish Water Quality minimum thresholds and measurable objectives for any identified constituents/contaminents identified in the plan area (see line 24)? Please identify which constituents have Minimum Thresholds and Measurable Objectives in the Notes.,"minimum threshold, water quality, groundwater quality, contaminent, constituent of concern, COC",Yes,"The Minimum Thresholds for degradation of water quality address nitrate and total dissolved solids (TDS) for the entire Basin.
o The Nitrate Minimum Threshold (in both Management Areas) is defined as 5-year average concentrations of all monitored wells not exceeding the 10 milligrams per liter (mg/L) drinking water maximum contaminant level (MCL) for Nitrate as Nitrogen.
o The TDS Minimum Threshold (in both Management Areas) is defined as the 5-year average concentrations not exceeding the 1,000 mg/L secondary MCL for TDS.","6-4 / 6.1.3
","Minimum thresholds are set for Nitrate and TDS, the two constiuents of Concern identified in the Basin Setting."
,,All,2,Are Water Quality minimum thresholds based on or within the Maximum Contaminent levels (MCLs)? Answer Yes = for identified constituents; Somewhat = for some of the identified constituents; No = none of the identified constituents; Not Applicable should never be an answer for this question.,"maximum contaminent level, MCL, minimum threshold, water quality, groundwater quality, contaminent, constituent of concern, COC",Yes,"The maximum contaminant level (MCL) for nitrate (as nitrogen) is 10 mg/L. Nitrate data are available for Basin inflows and outflows, and as documented in the SNMP (WEI 2017a), elevated nitrate concentrations have been recognized. The SNMP analysis of nitrate loading found that most areas had predicted small increasing trends in nitrate in groundwater. However, no wells exceed the MCL for nitrate.",4-8 / 4.7,The MT is set at MCL level
,,Drinking Water Users,1,"Does the GSP evaluate the cumulative or indirect impacts of proposed minimum thresholds on drinking water users (e.g., domestic wells, municipal water suppliers)? If so, please indicate in the notes for which sustainability indicators (i.e., Groundwater levels, Water Quality).","minimum threshold, disadvantaged communit*, drinking water users, domestic, domestic wells, groundwater levels, water quality, groundwater quality",No,"The establishment of the MTs reflects the available data regarding the current condition of the Basin relative to TDS and nitrate concentrations. Establishing the MTs represents no change and recognizes that groundwater has been and is being used reasonably for the range of beneficial uses. The MTs represent a quantified starting point for protection of groundwater quality and for projects and management actions to improve groundwater quality, consistent with a best management practices approach","Table 6-1
6-17/6.3.6.3
6-28 / 6.6.5.3","Groundwater storage, groundwater quality and in both they conclude gw has been and is
being used reasonably for the range of beneficial uses even during droughts. "
,,DACs,1,"Does the GSP evaluate the cumulative or indirect impacts of proposed minimum thresholds on DACs? If so, please indicate in the notes for which sustainability indicators (i.e., Groundwater levels, Water Quality).","minimum threshold, disadvantaged communit*, DAC, groundwater levels, water quality, groundwater quality",Not Applicable,,,
,,Tribes,1,"Does the GSP evaluate the cumulative or indirect impacts of proposed minimum thresholds on Tribes? If so, please indicate in the notes for which sustainability indicators (i.e., Groundwater levels, Water Quality, Interconnected Surface Waters).","minimum threshold, disadvantaged communit*, DAC, tribal, tribe, groundwater levels, water quality, groundwater quality",No,,,
,,Ecosystems,1,"Does the GSP evaluate the cumulative or indirect impacts of proposed minimum thresholds on GDEs or environmental beneficial users of surface water? If so, please indicate in the notes for which sustainability indicators (i.e., Groundwater levels, Water Quality, Interconnected Surface Waters).","minimum threshold, groundwater dependent ecosystem, groundwater-dependent ecosystem, GDE, environmental beneficial user, instream, groundwater levels, water quality, groundwater quality, depletion of surface water ISW",Somewhat,"Beneficial uses and users of groundwater storage include maintenance of interconnected surface water and associated groundwater dependent ecosystems (GDEs) and municipal, industrial and other groundwater users. The MTs for groundwater levels are based generally on operational considerations for wells, which recognizes that groundwater has been and is being used reasonably for the range of beneficial uses even during droughts. The storage minimum threshold is consistent with the water level minimum threshold, which means that available storage will be adequate to supply beneficial uses as long as water levels remain above their minimum thresholds.
The Minimum Threshold for depletion of interconnected surface water is the amount of depletion that occurs when the depth to water in wells near areas supporting phreatophytic riparian trees is greater than 35 feet for a period exceeding one year.","6-17 / 6.3.6.3
6-36 / 6.7.6","interconnected surface water, they set MT:depth to water near areas supporting Phreatopic is greater than 35 feet."
,Measurable Objectives,Drinking Water Users,2,Does the GSP consider Drinking Water Users when establishing measurable objectives?,"drinking water users, domestic, measurable objective, water quality, groundwater quality, contaminent, constituent of concern, COC",No,"Measurable Objectives are defined in this GSP using the same metrics and monitoring data as used to define MTs and are established to maintain or improve groundwater quality. Given uncertainties presented by data limitations, a reasonable margin of safety includes the possibility of “negative” monitoring results while positive progress is being made. The Measurable Objective for TDS is defined as maintaining or reducing 5-year average concentration in the Basin below the TDS Secondary MCL (1,000 mg/L) based on conditions documented in the Annual Reports. The Measurable Objective for nitrate is defined as maintaining or reducing the 5-year average concentration in the Basin below the nitrate as nitrogen MCL (10 mg/L) based on conditions documented in the Annual Reports.",,"No mention of drinking water users, They have set MO for beneficial users. Their goal is to maintain or reduce secondary MCL. which is high for MO of drinking water users"
,,DACs,2,Does the GSP consider DACs when establishing measurable objectives?,"measurable objectives, disadvantaged communities, DAC",Not Applicable,,,
,,Tribes,2,Does the GSP consider Tribes when establishing measurable objectives?,"measurable objectives, tribal, tribes",No,,,
,,Ecosystems,2,Does the GSP consider GDEs when establishing measurable objectives?,"measurable objectives, groundwater dependent ecosystems, environmental beneficial user",No,"The measurable objective for interconnected surface water is an amount of depletion that is less than the amount specified as the minimum threshold. Given the uncertainty in the correlation between groundwater levels and vegetation health, no specific rise in shallow groundwater levels or increase in stream flow is identified as providing a preferred set of GDE conditions. Groundwater conditions with respect to interconnected surface water and most GDE parameters are currently sustainable. Therefore, no interim milestones are needed to achieve sustainability at this time.",6-39 / 6.7.7,They say it is already sustainable so they don't purpose anything for this part./Somewhat because they are not proposing any measurable objectives for GDEs in the future
MONITORING NETWORK,,DACs / Tribes / Drinking Water Users,1,"Do the Representative Monitoring Sites (RMS) in the monitoring network adequately represent water quality conditions around DACs, domestic wells, and Tribes (In the case of data gaps, evaluate proposed monitoring sites)? In the notes, please specify whether RMS for each of the contaminents identified in the basin (see line 24). Answer Yes = existing and proposed monitoring wells are adequately distributed across DAC, domestic well, and Tribal areas; Somewhat = existing and proposed RMS do not adequately cover DAC, domestic well, and Tribal portions of the basin; No = Existing and proposed RMS are not available within DAC, domestic well, and Tribal areas.","water quality, contaminents, COC, data gap, disadvantaged communit*, DAC",No,"To allow quantification and tracking of sustainability criteria, representative monitoring sites, or wells, have been identified for 1) regional groundwater level monitoring and 2) for monitoring shallow groundwater conditions where surface water-groundwater connection is likely and tied to groundwater dependent ecosystems (GDEs). These Key Wells are shown on Figure 7-1 and listed in Table 7-2. These have been designated by BCGSA asthe point at which sustainability indicators are monitored. Information on the quantitative values for MTs, MOs, and interim milestones is included in Sustainability Criteria Section 6.
As discussed in Sustainability Criteria Section 6.3, change in groundwater in storage is closely related to groundwater levels, which can serve as a proxy for monitoring change in storage. Moreover, groundwater level MTs and MOs are sufficiently protective to ensure prevention of significant and unreasonable results relating to storage. Accordingly, continued monitoring of wells for groundwater levels also serve to track sustainability for storage.
As discussed in Section 6.4, the definition of undesirable results and the quantification of the MT and MO for subsidence are based on InSAR information on vertical displacement of the ground surface; these spatial and temporal data are publicly available from DWR. 
Section 6.5 discusses seawater intrusion, which is not possible in this inland basin. Section 6.6 describes undesirable results and defines sustainability criteria for water quality.
MTs and MOs are quantified in terms of the percentage of wells with concentrations exceeding the local and state goals for nitrate and TDS based on current conditions. The BCGSA water quality monitoring wellsshown on Figure 7-2 and listed in Table 7-2 are sampled regularly to identify water quality problems and to track water quality trends.","7-10 / 7.3
Figure 7-2",No mention of domestic wells or tribes (no DACs in the basin).
,,DACs / Tribes / Drinking Water Users,1,"Do the Representative Monitoring Sites (RMS) in the monitoring network adequately represent shallow groundwater elevations around DACs, domestic wells, and Tribes (In the case of data gaps, evaluate proposed monitoring sites). In the notes, please specify any deficiencies in the distribution of representative monitoring sites (RMS). Yes = existing and proposed monitoring wells are adequately distributed across DAC, drinking wells, and tribal areas; Somewhat = existing and proposed RMS do not adequately cover DAC, drinking wells, and tribal portions of the basin; No = Existing and proposed RMS are not available within DAC, drinking wells, and tribal areas.","shallow monitoring well, data gap, disadvantaged communit*, DAC, tribal, tribe",No,"From Table 7-3 ""No shallow dedicated groundwater monitoring wells in Basin. Long well screens in monitoring wells limit vertical groundwater quality characterization""  
&&&
7.5.2. Description of Steps to Fill Data Gaps
Monitoring data gaps have been identified for shallow groundwater level measurements. Additional shallow groundwater level monitoring is required to better monitor interconnected surface water and GDEs in the Basin. The management actions the BCGSA will undertake towards filling this data gap are described in Section 8, Projects and Management Actions.
&& 
The BCGSA will develop a request for proposals (RFP) from qualified firms to conduct an initial study to evaluate the interaction of surface water and groundwater and the relationship of groundwater elevation on the health of riparian vegetation in Temescal Wash. The purpose of this study is to reduce uncertainty regarding the riparian habitat and ultimately to improve the MT and protect groundwater-dependent ecosystems. The study may involve field biological surveys, review of historical surface flows, review of historical photographs and remote sensing data, and investigation into evapotranspiration and root depth of riparian vegetation in and around Temescal Wash. It is anticipated that the work may result in recommendations for future monitoring protocols and permitting requirements for installation of piezometers or drive points close to the wash itself.","7-10 / 7.3
Figure 7-1
7-13 / Table 7-3, 8-3/8-4","
They consider shallow groundwater elevation as part of their data gaps. Does not propose new monitoring network in Projects and management actions that can be evaluated. "
,,Environment,1,Does the GSP include a plan to identify and fill shallow monitoring well data gaps around GDEs and ISWs in the monitoring network?,"shallow monitoring well, data gap, groundwater dependent ecosystem, groundwater-dependent ecosystem, GDE ",Somewhat,"However, uncertainties exist as summarized below: • The geographic distribution of wells in the groundwater level monitoring program is uneven. • Information on vertical groundwater gradients is lacking and groundwater levels in shallow wells may not be represented adequately by relatively deep wells. • The specific location, status, and construction of most existing private wells is not known, or the information is not readily available (in databases). These uncertainties have been recognized and are being addressed in this GSP as follows: • Mapping and prioritization of geographic gaps in the monitoring program. • Installation of two new dedicated monitoring wells sited and designed to support the groundwater level monitoring program (among other objectives) and to become Key Wells. • Identification and mapping of existing active private production wells within the Basin, as described in Section 8 Projects and Management Actions. The benefits of these efforts will accrue over the next few years and will support review and update of the MTs in the 5-Year GSP Update in 2027.
&&  
Shallow monitoring wells are needed in riparian areas to provide accurate water table information and elucidate the relationship between deep water levels and vegetation conditions. One of the management actions in this GSP is to conduct surveys of Temescal Wash to evaluate the feasibility and need for installing shallow monitoring wells. Over time, minimum threshold groundwater elevations can be refined as a result of these surveys.  
&&
 Monitoring data gaps have been identified for shallow groundwater level measurements. Additional shallow groundwater level monitoring is required to better monitor interconnected surface water and GDEs in the Basin. The management actions the BCGSA will undertake towards filling this data gap are described in Section 8, Projects and Management Actions.
&& 
The BCGSA will develop a request for proposals (RFP) from qualified firmsto conduct an initial study to evaluate the interaction of surface water and groundwater and the relationship of groundwater elevation on the health of riparian vegetation in Temescal Wash. The purpose of this study is to reduce uncertainty regarding the riparian habitat and ultimately to improve the MT and protect groundwater-dependent ecosystems. The study may involve field biological surveys, review of historical surface flows, review of historical photographs and remote sensing data, and investigation into evapotranspiration and root depth of riparian vegetation in and around Temescal Wash. It is anticipated that the work may result in recommendations for future monitoring protocols and permitting requirements for installation of piezometers or drive points close to the wash itself.","6-9 / 6.2.6
6-38 / 6.7.6.5
7-13 / 7.5.2, 8-3/8-4","They use the term Maybe added. That's why I selected somewhat/ ""Shallow monitoring wells are needed, and said to be addressed in Section 8, but no measurable action in Section 8 specifically calls for the installation of shallow metering wells. The only mention in Section 8 is """"Permitting and regulatory process - §354.44(b)(3) Supporting information and science - §354.44(c)
If piezometers or monitoring wells will be installed as part of the project, well permits will be acquired from the County of Riverside Department of Environmental Health. """""" Clear description of need for more shallow groundater monitoring and in section 6 the plan states that there will be a mangament plan, but no PMA directly related to installing shallow monitoring wells."
,,Environment,2,Does the GSP include any plans to incorporate GDE-related biological monitoring into the monitoring network?,"GDE Pulse, NDVI, normalized difference vegetation index, biologic*, survey, vegetation, fish",Somewhat,"The BCGSA will develop a request for proposals (RFP) from qualified firms to conduct an initial study to evaluate the interaction of surface water and groundwater and the relationship of groundwater elevation on the health of riparian vegetation in Temescal Wash. The purpose of this study is to reduce uncertainty regarding the riparian habitat and ultimately to improve the MT and protect groundwater-dependent ecosystems. The study may involve field biological surveys, review of historical surface flows, review of historical photographs and remote sensing data, and investigation into evapotranspiration and root depth of riparian vegetation in and around Temescal Wash. It is anticipated that the work may result in recommendations for future monitoring protocols and permitting requirements for installation of piezometers or drive points close to the wash itself.",8-4 / 8.6,Mention of the possibility of biological surveys
PROJECTS & MANAGEMENT ACTIONS,,Environment,2,Does the GSP include any recharge projects with explicit benefits to the environment?,"recharge, managed aquifer recharge, MAR, multi-benefit recharge",No,"Surface water or imported water supply used or available for use, for groundwater recharge or in-lieu use shall be reported based on quantitative data that describes the annual volume and sources for the preceding water year.

The purpose of this study is to reduce uncertainty regarding the riparian habitat and ultimately to improve the MT and protect groundwater-dependent ecosystems. The study may involve field biological surveys, review of historical surface flows, review of historical photographs and remote sensing data, and investigation into evapotranspiration and root depth of riparian vegetation in and around Temescal Wash. It is anticipated that the work may result in recommendations for future monitoring protocols and permitting requirements for installation of piezometers or drive points close to the wash itself.","8-2 / 8.1
8-4 / 8.6",It is not explicitly for the benefit of the enviornment and they don't mention it/No specific mentions of projects/management actions that will use recharge
,,Environment,2,"Does the GSP include any habitat or stream restoration or invasive species removal projects (e.g., to improve water supply in the basin or GDE habitats)?","invasive species, habitat",No,,,"a search of invasive, habitat, and restoration did not produce results that signaled any projects will be implemented for the basin to support GDEs"
,,All,1,"Does the GSP identify benefits or impacts of identified projects and management actions to key beneficial users such as GDEs, drinking water users, tribes, DACs?","beneficial users, environment, GDE, DAC, trib*",Somewhat,"The purpose of this study is to reduce uncertainty regarding the riparian habitat and ultimately to improve the MT and protect groundwater-dependent ecosystems. The study may involve field biological surveys, review of historical surface flows, review of historical photographs and remote sensing data, and investigation into evapotranspiration and root depth of riparian vegetation in and around Temescal Wash. It is anticipated that the work may result in recommendations for future monitoring protocols and permitting requirements for installation of piezometers or drive points close to the wash itself.&&&
As noted in Section 6.7.8, there are several data gaps related to depletions of interconnected surface water along Temescal Wash. Data gaps include lack of water level data in certain areas, lack of dedicated monitoring (vs. production) wells, lack of wells within or near the wash channel, and uncertainty regarding vertical gradients. The objective of Project 1 is to address this data gap and improve protection of a potentially groundwater-dependent ecosystem (GDE) along Temescal Wash.&&&
Water quality monitoring will be implemented once the GSP is adopted. The minimum threshold for nitrate is defined as 5- year average concentrations (Subbasin-wide) not exceeding the 10 mg/L drinking water MCL for Nitrate as Nitrogen. The minimum threshold for TDS is defined as 5-year average concentrations (Subbasin-wide) not exceeding the 1,000 mg/L Secondary MCL for TDS. If significant upward concentration trends toward the minimum thresholds are observed in areas that contribute to potable supply, the GSA will coordinate with the Regional Water Quality Control Board as appropriate..","8-4 / 8.6
Table 8-3","NO mention of Tribes, DAC, They do consider benefits to GDE and waterquality control"
,,DACs,2,Does the GSP include any recharge projects with explicit benefits to DACs?,"recharge, managed aquifer recharge, MAR",Not Applicable,,,
,,DACs / Drinking Water,,Does the GSP include a drinking water well mitigation program to avoid significiant and unreasonable loss of drinking water?,"drinking water, well mitigation program",No,,,"They chose NA for ""If overdraft conditions are identified through the analysis required by Section 354.18, the Plan shall describe projects or management actions, including a quantification of demand reduction or other methods, for the mitigation of overdraft."""
,,DACs,1,Does the GSP identify potential impacts to water quality from Projects and Management Actions?,"water quality, disadvantaged communit*, DAC",Somewhat,"PROJECT 3 – EVALUATION OF THE EFFECTS OF AGGREGATE PITS ON GROUNDWATER FLOW AND QUALITY:Groundwater modeling conducted as part of the GSP development (Section 5 and AppendixE) and groundwater sampling from wells near the pits suggest that the pits may have an effect on the local water budget and on groundwater quality in ways that are not completely understood. For example, model calibration efforts suggest consumptive use near the pits is higher than recorded pumping of adjacent wells, and the Corona Well 21 was shut down due to a high heterotrophic plate count (a measure of bacteria in water), potentially as a result of groundwater under the influence of surface water from the aggregate pits.
Therefore, to improve further modeling involving aggregate mines or simulation of proposed stormwater capture in the mines, a project is proposed to evaluate and improve the hydrogeologic conceptual model in the vicinity of the mines. The BCGSA will initiate the investigations after adoption of the GSP by issuing an RFP to qualified firms. Although details of the study of aggregate mining’s effect on groundwater are yet to be determined, it is anticipated that the study may involve detailed review of the aggregate pit water budget (pumping, evapotranspiration, precipitation, and surface water flow infiltration), historical remote sensing images, historical hydrograph and streamflow information review, monitoring well construction, and/or interviews with local mine managers.", pgs 8-5; 8-6 / 8.8,"They are not sure about the details on aggregate minning on water quality, but they have proposed a project to evaluate it"
OTHER,,,,Does the GSP have plans to use Open ET to monitor groundwater extractions from agriculture?,OpenET,No,,,
,,,,Does the GSP have plans to install meters on wells in the basin?,meters,No,,,
,,,,"Does the GSP have plans to implement demand reduction (e.g., pumping cuts) in the basin to achieve sustainability?","demand, demand reduction, pumping cuts, demand management",No,"If overdraft conditions are identified through the analysis required by Section 354.18, the Plan shall describe projects or management actions, including a quantification of demand reduction or other methods, for the mitigation of overdraft.","pg 18, Appendix C","They don't have plans but the ""shall"" add it if overdraft conditions are identified"
,,,,"Does the GSP have plans to implement supply augmentation (e.g., recharge projects, desalinating brackish groundwater) in the basin to achieve sustainability?","recharge, managed aquifer recharge, MAR, desalin*, brackish groundwater",No,"This GSP avoids management actions that would spread groundwater contamination through managed aquifer recharge, pumping, or other activities",6-25 / 6.6.2,
,,,,"Do they evaluate whether Project and Management Actions close the gap for current and projected sustainable yield (e.g., overdraft as compared to the projected sustainable yield)? ","sustainable yield, overdraft, balance",No,,Section 8,"Not really clear evaluation provided of whether they will close the gap of current and projected sustainable yield -- most actions are more for addressing data gaps, eg: evaluating effects of aggregate pits on groundwater flow and quality; survey private wells; investigate groundwater/surface interaciton; review inSAR data; track trends in groundwater levels; monitor groundwater quality; record groundwater levels; provide for collection, compilation, and storate"
,,,,Does the GSP reference / propose any new water markets in the basin?,water market,No,,,
,,,,"Does the GSP identify the potential impact of climate change on obtaining/crossing thresholds for Sustainable Management Criteria (e.g., as a driver of undesirable result or potential reason for crossing a minimum threshold)?",climate change,No,"Growth Plus Climate Change Scenario - This scenario implements anticipated changes in land use and associated water use, such as urban expansion, and anticipated effects of future climate change on local hydrology (rainfall recharge and stream percolation) and on the availability of imported water supplies",Pg 36 Appendix E / 6.2,Climate change not considered as potential driver of effects to sustainable management criteria.
,,,,"Does the GSP includes details on coordination with water quality control programs (e.g., Regional Water Quality Control Board, CV-Salts)?","Regional Water Quality Control Board (RWQCB), CV-Salts",Yes,"Water quality. Groundwater quality in the Basin is monitored by the BCGSA agencies and Glen Ivy Hot Springs for compliance with State Water Resources Board Division of Drinking Water (DDW) requirements, and by facilities regulated by the Santa Ana Regional Water Quality Control Board (RWQCB). Section 7 of this GSP documents the BCGSA monitoring network including how these objectives are met, descriptions of how each sustainability criteria will be monitored, and protocols for measurements.

The BCGSA administrator will note trends in groundwater quality, and the BCGSA will coordinate with the Regional Water Quality Control Board as appropriate if a trend toward the MT is observed. The BCGSA administrator will be responsible for compiling groundwater quality data and adding itto the GSA Data Management System (DMS) in standardized format.","2-7 / 2.1.4.1
8-3 / 8.3",
