GSP,GSP_ID,run,question,answer_3class,yes_prob,pred_bin,human
1_BigValley_DraftGSP,1,1,1,Somewhat,0.25,No,Somewhat
1_BigValley_DraftGSP,1,1,3,Somewhat,0.25,No,Somewhat
1_BigValley_DraftGSP,1,1,4,Somewhat,0.25,No,Somewhat
1_BigValley_DraftGSP,1,1,5,Somewhat,0.25,No,Somewhat
1_BigValley_DraftGSP,1,1,6,Somewhat,0.25,No,Somewhat
1_BigValley_DraftGSP,1,1,7,Yes,1.0,Yes,Yes
1_BigValley_DraftGSP,1,1,14,Somewhat,0.25,No,No
1_BigValley_DraftGSP,1,1,17,Yes,1.0,Yes,Yes
1_BigValley_DraftGSP,1,1,18,No,0.15000000000000002,No,Somewhat
1_BigValley_DraftGSP,1,1,22,Yes,1.0,Yes,Somewhat
1_BigValley_DraftGSP,1,1,24,Yes,1.0,Yes,No
1_BigValley_DraftGSP,1,1,25,Yes,1.0,Yes,No
1_BigValley_DraftGSP,1,1,28,Somewhat,0.25,No,No
1_BigValley_DraftGSP,1,1,29,No,0.15000000000000002,No,Not Applicable
1_BigValley_DraftGSP,1,1,30,Yes,1.0,Yes,Yes
1_BigValley_DraftGSP,1,1,31,No,0.15000000000000002,No,No
1_BigValley_DraftGSP,1,1,32,Yes,1.0,Yes,Yes
1_BigValley_DraftGSP,1,1,33,Yes,1.0,Yes,Yes
1_BigValley_DraftGSP,1,1,34,Yes,1.0,Yes,Yes
1_BigValley_DraftGSP,1,1,36,No,0.15000000000000002,No,No
1_BigValley_DraftGSP,1,1,37,Somewhat,0.25,No,Somewhat
1_BigValley_DraftGSP,1,1,40,Somewhat,0.25,No,No
1_BigValley_DraftGSP,1,1,41,No,0.15000000000000002,No,No
1_BigValley_DraftGSP,1,1,42,No,0.0,No,No
1_BigValley_DraftGSP,1,1,43,Somewhat,0.25,No,No
1_BigValley_DraftGSP,1,1,44,No,0.15000000000000002,No,No
1_BigValley_DraftGSP,1,1,45,No,0.15000000000000002,No,No
1_BigValley_DraftGSP,1,1,46,Somewhat,0.25,No,No
1_BigValley_DraftGSP,1,1,47,Somewhat,0.25,No,No
1_BigValley_DraftGSP,1,1,48,No,0.15000000000000002,No,No
1_BigValley_DraftGSP,1,1,49,No,0.15000000000000002,No,No
1_BigValley_DraftGSP,1,1,50,Somewhat,0.25,No,No
1_BigValley_DraftGSP,1,1,51,Somewhat,0.25,No,No
1_BigValley_DraftGSP,1,1,52,Somewhat,0.25,No,Somewhat
1_BigValley_DraftGSP,1,1,53,Somewhat,0.25,No,No
1_BigValley_DraftGSP,1,1,54,No,0.15000000000000002,No,No
1_BigValley_DraftGSP,1,1,55,Somewhat,0.25,No,Yes
1_BigValley_DraftGSP,1,1,56,Yes,1.0,Yes,Yes
1_BigValley_DraftGSP,1,1,57,Somewhat,0.25,No,Yes
1_BigValley_DraftGSP,1,1,58,Somewhat,0.25,No,No
1_BigValley_DraftGSP,1,1,59,Yes,1.0,Yes,No
1_BigValley_DraftGSP,1,1,60,Somewhat,0.25,No,Somewhat
1_BigValley_DraftGSP,1,1,61,Somewhat,0.25,No,No
1_BigValley_DraftGSP,1,1,62,Somewhat,0.25,No,Yes
1_BigValley_DraftGSP,1,1,63,Somewhat,0.25,No,Yes
1_BigValley_DraftGSP,1,1,64,Yes,1.0,Yes,Somewhat
1_BigValley_DraftGSP,1,1,65,Somewhat,0.25,No,Somewhat
1_BigValley_DraftGSP,1,1,66,No,0.0,No,No
1_BigValley_DraftGSP,1,1,67,No,0.15000000000000002,No,No
1_BigValley_DraftGSP,1,1,68,Yes,1.0,Yes,Somewhat
1_BigValley_DraftGSP,1,1,70,Somewhat,0.25,No,Somewhat
1_BigValley_DraftGSP,1,2,1,Somewhat,0.25,No,Somewhat
1_BigValley_DraftGSP,1,2,3,Yes,1.0,Yes,Somewhat
1_BigValley_DraftGSP,1,2,4,Somewhat,0.25,No,Somewhat
1_BigValley_DraftGSP,1,2,5,Somewhat,0.25,No,Somewhat
1_BigValley_DraftGSP,1,2,6,Somewhat,0.25,No,Somewhat
1_BigValley_DraftGSP,1,2,7,Yes,1.0,Yes,Yes
1_BigValley_DraftGSP,1,2,14,Somewhat,0.25,No,No
1_BigValley_DraftGSP,1,2,17,Yes,1.0,Yes,Yes
1_BigValley_DraftGSP,1,2,18,No,0.15000000000000002,No,Somewhat
1_BigValley_DraftGSP,1,2,22,Yes,1.0,Yes,Somewhat
1_BigValley_DraftGSP,1,2,24,Yes,1.0,Yes,No
1_BigValley_DraftGSP,1,2,25,Yes,1.0,Yes,No
1_BigValley_DraftGSP,1,2,28,Somewhat,0.25,No,No
1_BigValley_DraftGSP,1,2,29,No,0.15000000000000002,No,Not Applicable
1_BigValley_DraftGSP,1,2,30,Yes,1.0,Yes,Yes
1_BigValley_DraftGSP,1,2,31,No,0.15000000000000002,No,No
1_BigValley_DraftGSP,1,2,32,Yes,1.0,Yes,Yes
1_BigValley_DraftGSP,1,2,33,Yes,1.0,Yes,Yes
1_BigValley_DraftGSP,1,2,34,Yes,1.0,Yes,Yes
1_BigValley_DraftGSP,1,2,36,No,0.15000000000000002,No,No
1_BigValley_DraftGSP,1,2,37,Somewhat,0.25,No,Somewhat
1_BigValley_DraftGSP,1,2,40,No,0.15000000000000002,No,No
1_BigValley_DraftGSP,1,2,41,No,0.15000000000000002,No,No
1_BigValley_DraftGSP,1,2,42,No,0.0,No,No
1_BigValley_DraftGSP,1,2,43,Somewhat,0.25,No,No
1_BigValley_DraftGSP,1,2,44,No,0.15000000000000002,No,No
1_BigValley_DraftGSP,1,2,45,No,0.15000000000000002,No,No
1_BigValley_DraftGSP,1,2,46,Somewhat,0.25,No,No
1_BigValley_DraftGSP,1,2,47,Somewhat,0.25,No,No
1_BigValley_DraftGSP,1,2,48,No,0.15000000000000002,No,No
1_BigValley_DraftGSP,1,2,49,No,0.15000000000000002,No,No
1_BigValley_DraftGSP,1,2,50,Somewhat,0.25,No,No
1_BigValley_DraftGSP,1,2,51,Somewhat,0.25,No,No
1_BigValley_DraftGSP,1,2,52,Somewhat,0.25,No,Somewhat
1_BigValley_DraftGSP,1,2,53,Somewhat,0.25,No,No
1_BigValley_DraftGSP,1,2,54,No,0.15000000000000002,No,No
1_BigValley_DraftGSP,1,2,55,Yes,1.0,Yes,Yes
1_BigValley_DraftGSP,1,2,56,Yes,1.0,Yes,Yes
1_BigValley_DraftGSP,1,2,57,Somewhat,0.25,No,Yes
1_BigValley_DraftGSP,1,2,58,Somewhat,0.25,No,No
1_BigValley_DraftGSP,1,2,59,Yes,1.0,Yes,No
1_BigValley_DraftGSP,1,2,60,Somewhat,0.25,No,Somewhat
1_BigValley_DraftGSP,1,2,61,Somewhat,0.25,No,No
1_BigValley_DraftGSP,1,2,62,Yes,1.0,Yes,Yes
1_BigValley_DraftGSP,1,2,63,Somewhat,0.25,No,Yes
1_BigValley_DraftGSP,1,2,64,Yes,1.0,Yes,Somewhat
1_BigValley_DraftGSP,1,2,65,Somewhat,0.25,No,Somewhat
1_BigValley_DraftGSP,1,2,66,No,0.0,No,No
1_BigValley_DraftGSP,1,2,67,No,0.15000000000000002,No,No
1_BigValley_DraftGSP,1,2,68,Yes,1.0,Yes,Somewhat
1_BigValley_DraftGSP,1,2,70,Somewhat,0.25,No,Somewhat
1_BigValley_DraftGSP,1,3,1,Somewhat,0.25,No,Somewhat
1_BigValley_DraftGSP,1,3,3,Somewhat,0.25,No,Somewhat
1_BigValley_DraftGSP,1,3,4,Somewhat,0.25,No,Somewhat
1_BigValley_DraftGSP,1,3,5,Yes,1.0,Yes,Somewhat
1_BigValley_DraftGSP,1,3,6,Somewhat,0.25,No,Somewhat
1_BigValley_DraftGSP,1,3,7,Yes,1.0,Yes,Yes
1_BigValley_DraftGSP,1,3,14,Somewhat,0.25,No,No
1_BigValley_DraftGSP,1,3,17,Yes,1.0,Yes,Yes
1_BigValley_DraftGSP,1,3,18,No,0.15000000000000002,No,Somewhat
1_BigValley_DraftGSP,1,3,22,Yes,1.0,Yes,Somewhat
1_BigValley_DraftGSP,1,3,24,Yes,1.0,Yes,No
1_BigValley_DraftGSP,1,3,25,Yes,1.0,Yes,No
1_BigValley_DraftGSP,1,3,28,Somewhat,0.25,No,No
1_BigValley_DraftGSP,1,3,29,No,0.15000000000000002,No,Not Applicable
1_BigValley_DraftGSP,1,3,30,Yes,1.0,Yes,Yes
1_BigValley_DraftGSP,1,3,31,No,0.15000000000000002,No,No
1_BigValley_DraftGSP,1,3,32,Yes,1.0,Yes,Yes
1_BigValley_DraftGSP,1,3,33,Yes,1.0,Yes,Yes
1_BigValley_DraftGSP,1,3,34,Yes,1.0,Yes,Yes
1_BigValley_DraftGSP,1,3,36,No,0.15000000000000002,No,No
1_BigValley_DraftGSP,1,3,37,Somewhat,0.25,No,Somewhat
1_BigValley_DraftGSP,1,3,40,No,0.15000000000000002,No,No
1_BigValley_DraftGSP,1,3,41,No,0.15000000000000002,No,No
1_BigValley_DraftGSP,1,3,42,No,0.15000000000000002,No,No
1_BigValley_DraftGSP,1,3,43,Somewhat,0.25,No,No
1_BigValley_DraftGSP,1,3,44,No,0.15000000000000002,No,No
1_BigValley_DraftGSP,1,3,45,No,0.15000000000000002,No,No
1_BigValley_DraftGSP,1,3,46,Somewhat,0.25,No,No
1_BigValley_DraftGSP,1,3,47,Somewhat,0.25,No,No
1_BigValley_DraftGSP,1,3,48,No,0.15000000000000002,No,No
1_BigValley_DraftGSP,1,3,49,No,0.15000000000000002,No,No
1_BigValley_DraftGSP,1,3,50,Somewhat,0.25,No,No
1_BigValley_DraftGSP,1,3,51,Somewhat,0.25,No,No
1_BigValley_DraftGSP,1,3,52,Somewhat,0.25,No,Somewhat
1_BigValley_DraftGSP,1,3,53,Somewhat,0.25,No,No
1_BigValley_DraftGSP,1,3,54,No,0.15000000000000002,No,No
1_BigValley_DraftGSP,1,3,55,Somewhat,0.25,No,Yes
1_BigValley_DraftGSP,1,3,56,Yes,1.0,Yes,Yes
1_BigValley_DraftGSP,1,3,57,Somewhat,0.25,No,Yes
1_BigValley_DraftGSP,1,3,58,Somewhat,0.25,No,No
1_BigValley_DraftGSP,1,3,59,Yes,1.0,Yes,No
1_BigValley_DraftGSP,1,3,60,Somewhat,0.25,No,Somewhat
1_BigValley_DraftGSP,1,3,61,Somewhat,0.25,No,No
1_BigValley_DraftGSP,1,3,62,Yes,1.0,Yes,Yes
1_BigValley_DraftGSP,1,3,63,Somewhat,0.25,No,Yes
1_BigValley_DraftGSP,1,3,64,Yes,1.0,Yes,Somewhat
1_BigValley_DraftGSP,1,3,65,Somewhat,0.25,No,Somewhat
1_BigValley_DraftGSP,1,3,66,No,0.0,No,No
1_BigValley_DraftGSP,1,3,67,No,0.15000000000000002,No,No
1_BigValley_DraftGSP,1,3,68,Yes,1.0,Yes,Somewhat
1_BigValley_DraftGSP,1,3,70,Somewhat,0.25,No,Somewhat
1_BigValley_DraftGSP,1,4,1,Somewhat,0.25,No,Somewhat
1_BigValley_DraftGSP,1,4,3,Somewhat,0.25,No,Somewhat
1_BigValley_DraftGSP,1,4,4,Somewhat,0.25,No,Somewhat
1_BigValley_DraftGSP,1,4,5,Yes,1.0,Yes,Somewhat
1_BigValley_DraftGSP,1,4,6,Somewhat,0.25,No,Somewhat
1_BigValley_DraftGSP,1,4,7,Yes,1.0,Yes,Yes
1_BigValley_DraftGSP,1,4,14,Somewhat,0.25,No,No
1_BigValley_DraftGSP,1,4,17,Yes,1.0,Yes,Yes
1_BigValley_DraftGSP,1,4,18,No,0.15000000000000002,No,Somewhat
1_BigValley_DraftGSP,1,4,22,Yes,1.0,Yes,Somewhat
1_BigValley_DraftGSP,1,4,24,Yes,1.0,Yes,No
1_BigValley_DraftGSP,1,4,25,Yes,1.0,Yes,No
1_BigValley_DraftGSP,1,4,28,Somewhat,0.25,No,No
1_BigValley_DraftGSP,1,4,29,No,0.15000000000000002,No,Not Applicable
1_BigValley_DraftGSP,1,4,30,Yes,1.0,Yes,Yes
1_BigValley_DraftGSP,1,4,31,No,0.15000000000000002,No,No
1_BigValley_DraftGSP,1,4,32,Yes,1.0,Yes,Yes
1_BigValley_DraftGSP,1,4,33,Yes,1.0,Yes,Yes
1_BigValley_DraftGSP,1,4,34,Yes,1.0,Yes,Yes
1_BigValley_DraftGSP,1,4,36,No,0.15000000000000002,No,No
1_BigValley_DraftGSP,1,4,37,Somewhat,0.25,No,Somewhat
1_BigValley_DraftGSP,1,4,40,No,0.15000000000000002,No,No
1_BigValley_DraftGSP,1,4,41,No,0.15000000000000002,No,No
1_BigValley_DraftGSP,1,4,42,No,0.15000000000000002,No,No
1_BigValley_DraftGSP,1,4,43,Somewhat,0.25,No,No
1_BigValley_DraftGSP,1,4,44,No,0.15000000000000002,No,No
1_BigValley_DraftGSP,1,4,45,No,0.15000000000000002,No,No
1_BigValley_DraftGSP,1,4,46,Somewhat,0.25,No,No
1_BigValley_DraftGSP,1,4,47,Somewhat,0.25,No,No
1_BigValley_DraftGSP,1,4,48,No,0.15000000000000002,No,No
1_BigValley_DraftGSP,1,4,49,No,0.15000000000000002,No,No
1_BigValley_DraftGSP,1,4,50,Somewhat,0.25,No,No
1_BigValley_DraftGSP,1,4,51,Somewhat,0.25,No,No
1_BigValley_DraftGSP,1,4,52,Somewhat,0.25,No,Somewhat
1_BigValley_DraftGSP,1,4,53,Somewhat,0.25,No,No
1_BigValley_DraftGSP,1,4,54,No,0.15000000000000002,No,No
1_BigValley_DraftGSP,1,4,55,Somewhat,0.25,No,Yes
1_BigValley_DraftGSP,1,4,56,Yes,1.0,Yes,Yes
1_BigValley_DraftGSP,1,4,57,Somewhat,0.25,No,Yes
1_BigValley_DraftGSP,1,4,58,Somewhat,0.25,No,No
1_BigValley_DraftGSP,1,4,59,Yes,1.0,Yes,No
1_BigValley_DraftGSP,1,4,60,Somewhat,0.25,No,Somewhat
1_BigValley_DraftGSP,1,4,61,Somewhat,0.25,No,No
1_BigValley_DraftGSP,1,4,62,Somewhat,0.25,No,Yes
1_BigValley_DraftGSP,1,4,63,Somewhat,0.25,No,Yes
1_BigValley_DraftGSP,1,4,64,Yes,1.0,Yes,Somewhat
1_BigValley_DraftGSP,1,4,65,Somewhat,0.25,No,Somewhat
1_BigValley_DraftGSP,1,4,66,No,0.0,No,No
1_BigValley_DraftGSP,1,4,67,No,0.15000000000000002,No,No
1_BigValley_DraftGSP,1,4,68,Yes,1.0,Yes,Somewhat
1_BigValley_DraftGSP,1,4,70,Somewhat,0.25,No,Somewhat
1_BigValley_DraftGSP,1,5,1,Somewhat,0.25,No,Somewhat
1_BigValley_DraftGSP,1,5,3,Somewhat,0.25,No,Somewhat
1_BigValley_DraftGSP,1,5,4,Somewhat,0.25,No,Somewhat
1_BigValley_DraftGSP,1,5,5,Yes,1.0,Yes,Somewhat
1_BigValley_DraftGSP,1,5,6,Somewhat,0.25,No,Somewhat
1_BigValley_DraftGSP,1,5,7,Yes,1.0,Yes,Yes
1_BigValley_DraftGSP,1,5,14,Somewhat,0.25,No,No
1_BigValley_DraftGSP,1,5,17,Yes,1.0,Yes,Yes
1_BigValley_DraftGSP,1,5,18,No,0.15000000000000002,No,Somewhat
1_BigValley_DraftGSP,1,5,22,Yes,1.0,Yes,Somewhat
1_BigValley_DraftGSP,1,5,24,Yes,1.0,Yes,No
1_BigValley_DraftGSP,1,5,25,Yes,1.0,Yes,No
1_BigValley_DraftGSP,1,5,28,Somewhat,0.25,No,No
1_BigValley_DraftGSP,1,5,29,No,0.15000000000000002,No,Not Applicable
1_BigValley_DraftGSP,1,5,30,Yes,1.0,Yes,Yes
1_BigValley_DraftGSP,1,5,31,No,0.15000000000000002,No,No
1_BigValley_DraftGSP,1,5,32,Yes,1.0,Yes,Yes
1_BigValley_DraftGSP,1,5,33,Yes,1.0,Yes,Yes
1_BigValley_DraftGSP,1,5,34,Yes,1.0,Yes,Yes
1_BigValley_DraftGSP,1,5,36,No,0.15000000000000002,No,No
1_BigValley_DraftGSP,1,5,37,Somewhat,0.25,No,Somewhat
1_BigValley_DraftGSP,1,5,40,No,0.15000000000000002,No,No
1_BigValley_DraftGSP,1,5,41,No,0.15000000000000002,No,No
1_BigValley_DraftGSP,1,5,42,No,0.15000000000000002,No,No
1_BigValley_DraftGSP,1,5,43,Somewhat,0.25,No,No
1_BigValley_DraftGSP,1,5,44,No,0.15000000000000002,No,No
1_BigValley_DraftGSP,1,5,45,No,0.15000000000000002,No,No
1_BigValley_DraftGSP,1,5,46,Somewhat,0.25,No,No
1_BigValley_DraftGSP,1,5,47,Somewhat,0.25,No,No
1_BigValley_DraftGSP,1,5,48,No,0.15000000000000002,No,No
1_BigValley_DraftGSP,1,5,49,No,0.15000000000000002,No,No
1_BigValley_DraftGSP,1,5,50,Somewhat,0.25,No,No
1_BigValley_DraftGSP,1,5,51,Somewhat,0.25,No,No
1_BigValley_DraftGSP,1,5,52,Somewhat,0.25,No,Somewhat
1_BigValley_DraftGSP,1,5,53,Somewhat,0.25,No,No
1_BigValley_DraftGSP,1,5,54,No,0.15000000000000002,No,No
1_BigValley_DraftGSP,1,5,55,Somewhat,0.25,No,Yes
1_BigValley_DraftGSP,1,5,56,Yes,1.0,Yes,Yes
1_BigValley_DraftGSP,1,5,57,Somewhat,0.25,No,Yes
1_BigValley_DraftGSP,1,5,58,Somewhat,0.25,No,No
1_BigValley_DraftGSP,1,5,59,Yes,1.0,Yes,No
1_BigValley_DraftGSP,1,5,60,Somewhat,0.25,No,Somewhat
1_BigValley_DraftGSP,1,5,61,Somewhat,0.25,No,No
1_BigValley_DraftGSP,1,5,62,Somewhat,0.25,No,Yes
1_BigValley_DraftGSP,1,5,63,Somewhat,0.25,No,Yes
1_BigValley_DraftGSP,1,5,64,Yes,1.0,Yes,Somewhat
1_BigValley_DraftGSP,1,5,65,Somewhat,0.25,No,Somewhat
1_BigValley_DraftGSP,1,5,66,No,0.0,No,No
1_BigValley_DraftGSP,1,5,67,No,0.15000000000000002,No,No
1_BigValley_DraftGSP,1,5,68,Yes,1.0,Yes,Somewhat
1_BigValley_DraftGSP,1,5,70,Somewhat,0.25,No,Somewhat
14_EastContraCosta_DraftGSP,14,1,1,Somewhat,0.25,No,Somewhat
14_EastContraCosta_DraftGSP,14,1,3,Yes,1.0,Yes,Somewhat
14_EastContraCosta_DraftGSP,14,1,4,Somewhat,0.25,No,Somewhat
14_EastContraCosta_DraftGSP,14,1,5,Somewhat,0.25,No,Not Applicable
14_EastContraCosta_DraftGSP,14,1,6,Somewhat,0.25,No,Somewhat
14_EastContraCosta_DraftGSP,14,1,7,Yes,1.0,Yes,Yes
14_EastContraCosta_DraftGSP,14,1,14,Somewhat,0.25,No,Yes
14_EastContraCosta_DraftGSP,14,1,17,Somewhat,0.25,No,Yes
14_EastContraCosta_DraftGSP,14,1,18,Yes,1.0,Yes,Somewhat
14_EastContraCosta_DraftGSP,14,1,22,Somewhat,0.25,No,Not Applicable
14_EastContraCosta_DraftGSP,14,1,24,Yes,1.0,Yes,Not Applicable
14_EastContraCosta_DraftGSP,14,1,25,Yes,1.0,Yes,Not Applicable
14_EastContraCosta_DraftGSP,14,1,28,Yes,1.0,Yes,Yes
14_EastContraCosta_DraftGSP,14,1,29,No,0.15000000000000002,No,No
14_EastContraCosta_DraftGSP,14,1,30,Yes,1.0,Yes,Yes
14_EastContraCosta_DraftGSP,14,1,31,Yes,1.0,Yes,No
14_EastContraCosta_DraftGSP,14,1,32,Yes,1.0,Yes,Yes
14_EastContraCosta_DraftGSP,14,1,33,Yes,1.0,Yes,Yes
14_EastContraCosta_DraftGSP,14,1,34,Somewhat,0.25,No,Somewhat
14_EastContraCosta_DraftGSP,14,1,36,No,0.15000000000000002,No,Yes
14_EastContraCosta_DraftGSP,14,1,37,Somewhat,0.25,No,Somewhat
14_EastContraCosta_DraftGSP,14,1,40,Somewhat,0.25,No,Somewhat
14_EastContraCosta_DraftGSP,14,1,41,Yes,1.0,Yes,Yes
14_EastContraCosta_DraftGSP,14,1,42,Yes,1.0,Yes,Yes
14_EastContraCosta_DraftGSP,14,1,43,Somewhat,0.25,No,Yes
14_EastContraCosta_DraftGSP,14,1,44,No,0.15000000000000002,No,No
14_EastContraCosta_DraftGSP,14,1,45,No,0.15000000000000002,No,Not Applicable
14_EastContraCosta_DraftGSP,14,1,46,Somewhat,0.25,No,Somewhat
14_EastContraCosta_DraftGSP,14,1,47,Yes,1.0,Yes,No
14_EastContraCosta_DraftGSP,14,1,48,Somewhat,0.25,No,No
14_EastContraCosta_DraftGSP,14,1,49,No,0.15000000000000002,No,Not Applicable
14_EastContraCosta_DraftGSP,14,1,50,Somewhat,0.25,No,No
14_EastContraCosta_DraftGSP,14,1,51,Somewhat,0.25,No,Somewhat
14_EastContraCosta_DraftGSP,14,1,52,Somewhat,0.25,No,Somewhat
14_EastContraCosta_DraftGSP,14,1,53,Yes,1.0,Yes,Yes
14_EastContraCosta_DraftGSP,14,1,54,Somewhat,0.25,No,Somewhat
14_EastContraCosta_DraftGSP,14,1,55,Somewhat,0.25,No,No
14_EastContraCosta_DraftGSP,14,1,56,No,0.15000000000000002,No,No
14_EastContraCosta_DraftGSP,14,1,57,Somewhat,0.25,No,Somewhat
14_EastContraCosta_DraftGSP,14,1,58,Yes,1.0,Yes,No
14_EastContraCosta_DraftGSP,14,1,59,No,0.15000000000000002,No,No
14_EastContraCosta_DraftGSP,14,1,60,Somewhat,0.25,No,Somewhat
14_EastContraCosta_DraftGSP,14,1,61,No,0.15000000000000002,No,No
14_EastContraCosta_DraftGSP,14,1,62,Somewhat,0.25,No,Somewhat
14_EastContraCosta_DraftGSP,14,1,63,Somewhat,0.25,No,Somewhat
14_EastContraCosta_DraftGSP,14,1,64,Yes,1.0,Yes,Yes
14_EastContraCosta_DraftGSP,14,1,65,Somewhat,0.25,No,Yes
14_EastContraCosta_DraftGSP,14,1,66,Somewhat,0.25,No,Yes
14_EastContraCosta_DraftGSP,14,1,67,Yes,1.0,Yes,Somewhat
14_EastContraCosta_DraftGSP,14,1,68,Somewhat,0.25,No,No
14_EastContraCosta_DraftGSP,14,1,70,Somewhat,0.25,No,Somewhat
14_EastContraCosta_DraftGSP,14,2,1,Yes,1.0,Yes,Somewhat
14_EastContraCosta_DraftGSP,14,2,3,Yes,1.0,Yes,Somewhat
14_EastContraCosta_DraftGSP,14,2,4,Somewhat,0.25,No,Somewhat
14_EastContraCosta_DraftGSP,14,2,5,Somewhat,0.25,No,Not Applicable
14_EastContraCosta_DraftGSP,14,2,6,Somewhat,0.25,No,Somewhat
14_EastContraCosta_DraftGSP,14,2,7,Yes,1.0,Yes,Yes
14_EastContraCosta_DraftGSP,14,2,14,Yes,1.0,Yes,Yes
14_EastContraCosta_DraftGSP,14,2,17,Yes,1.0,Yes,Yes
14_EastContraCosta_DraftGSP,14,2,18,Yes,1.0,Yes,Somewhat
14_EastContraCosta_DraftGSP,14,2,22,Somewhat,0.25,No,Not Applicable
14_EastContraCosta_DraftGSP,14,2,24,Yes,1.0,Yes,Not Applicable
14_EastContraCosta_DraftGSP,14,2,25,Somewhat,0.25,No,Not Applicable
14_EastContraCosta_DraftGSP,14,2,28,Yes,1.0,Yes,Yes
14_EastContraCosta_DraftGSP,14,2,29,No,0.15000000000000002,No,No
14_EastContraCosta_DraftGSP,14,2,30,Yes,1.0,Yes,Yes
14_EastContraCosta_DraftGSP,14,2,31,Yes,1.0,Yes,No
14_EastContraCosta_DraftGSP,14,2,32,Yes,1.0,Yes,Yes
14_EastContraCosta_DraftGSP,14,2,33,Yes,1.0,Yes,Yes
14_EastContraCosta_DraftGSP,14,2,34,No,0.15000000000000002,No,Somewhat
14_EastContraCosta_DraftGSP,14,2,36,No,0.15000000000000002,No,Yes
14_EastContraCosta_DraftGSP,14,2,37,Somewhat,0.25,No,Somewhat
14_EastContraCosta_DraftGSP,14,2,40,Somewhat,0.25,No,Somewhat
14_EastContraCosta_DraftGSP,14,2,41,Yes,1.0,Yes,Yes
14_EastContraCosta_DraftGSP,14,2,42,Yes,1.0,Yes,Yes
14_EastContraCosta_DraftGSP,14,2,43,Somewhat,0.25,No,Yes
14_EastContraCosta_DraftGSP,14,2,44,Somewhat,0.25,No,No
14_EastContraCosta_DraftGSP,14,2,45,No,0.15000000000000002,No,Not Applicable
14_EastContraCosta_DraftGSP,14,2,46,Somewhat,0.25,No,Somewhat
14_EastContraCosta_DraftGSP,14,2,47,Yes,1.0,Yes,No
14_EastContraCosta_DraftGSP,14,2,48,Somewhat,0.25,No,No
14_EastContraCosta_DraftGSP,14,2,49,No,0.15000000000000002,No,Not Applicable
14_EastContraCosta_DraftGSP,14,2,50,Somewhat,0.25,No,No
14_EastContraCosta_DraftGSP,14,2,51,Somewhat,0.25,No,Somewhat
14_EastContraCosta_DraftGSP,14,2,52,Somewhat,0.25,No,Somewhat
14_EastContraCosta_DraftGSP,14,2,53,Yes,1.0,Yes,Yes
14_EastContraCosta_DraftGSP,14,2,54,Somewhat,0.25,No,Somewhat
14_EastContraCosta_DraftGSP,14,2,55,No,0.15000000000000002,No,No
14_EastContraCosta_DraftGSP,14,2,56,No,0.15000000000000002,No,No
14_EastContraCosta_DraftGSP,14,2,57,Somewhat,0.25,No,Somewhat
14_EastContraCosta_DraftGSP,14,2,58,Yes,1.0,Yes,No
14_EastContraCosta_DraftGSP,14,2,59,No,0.15000000000000002,No,No
14_EastContraCosta_DraftGSP,14,2,60,Somewhat,0.25,No,Somewhat
14_EastContraCosta_DraftGSP,14,2,61,No,0.15000000000000002,No,No
14_EastContraCosta_DraftGSP,14,2,62,Somewhat,0.25,No,Somewhat
14_EastContraCosta_DraftGSP,14,2,63,Somewhat,0.25,No,Somewhat
14_EastContraCosta_DraftGSP,14,2,64,Yes,1.0,Yes,Yes
14_EastContraCosta_DraftGSP,14,2,65,Somewhat,0.25,No,Yes
14_EastContraCosta_DraftGSP,14,2,66,Somewhat,0.25,No,Yes
14_EastContraCosta_DraftGSP,14,2,67,Yes,1.0,Yes,Somewhat
14_EastContraCosta_DraftGSP,14,2,68,Somewhat,0.25,No,No
14_EastContraCosta_DraftGSP,14,2,70,Somewhat,0.25,No,Somewhat
14_EastContraCosta_DraftGSP,14,3,1,Somewhat,0.25,No,Somewhat
14_EastContraCosta_DraftGSP,14,3,3,Yes,1.0,Yes,Somewhat
14_EastContraCosta_DraftGSP,14,3,4,Somewhat,0.25,No,Somewhat
14_EastContraCosta_DraftGSP,14,3,5,Somewhat,0.25,No,Not Applicable
14_EastContraCosta_DraftGSP,14,3,6,Somewhat,0.25,No,Somewhat
14_EastContraCosta_DraftGSP,14,3,7,Yes,1.0,Yes,Yes
14_EastContraCosta_DraftGSP,14,3,14,Yes,1.0,Yes,Yes
14_EastContraCosta_DraftGSP,14,3,17,Yes,1.0,Yes,Yes
14_EastContraCosta_DraftGSP,14,3,18,Yes,1.0,Yes,Somewhat
14_EastContraCosta_DraftGSP,14,3,22,Somewhat,0.25,No,Not Applicable
14_EastContraCosta_DraftGSP,14,3,24,Yes,1.0,Yes,Not Applicable
14_EastContraCosta_DraftGSP,14,3,25,Yes,1.0,Yes,Not Applicable
14_EastContraCosta_DraftGSP,14,3,28,Yes,1.0,Yes,Yes
14_EastContraCosta_DraftGSP,14,3,29,No,0.15000000000000002,No,No
14_EastContraCosta_DraftGSP,14,3,30,Yes,1.0,Yes,Yes
14_EastContraCosta_DraftGSP,14,3,31,Yes,1.0,Yes,No
14_EastContraCosta_DraftGSP,14,3,32,Yes,1.0,Yes,Yes
14_EastContraCosta_DraftGSP,14,3,33,Yes,1.0,Yes,Yes
14_EastContraCosta_DraftGSP,14,3,34,Somewhat,0.25,No,Somewhat
14_EastContraCosta_DraftGSP,14,3,36,No,0.15000000000000002,No,Yes
14_EastContraCosta_DraftGSP,14,3,37,Yes,1.0,Yes,Somewhat
14_EastContraCosta_DraftGSP,14,3,40,Somewhat,0.25,No,Somewhat
14_EastContraCosta_DraftGSP,14,3,41,Yes,1.0,Yes,Yes
14_EastContraCosta_DraftGSP,14,3,42,Yes,1.0,Yes,Yes
14_EastContraCosta_DraftGSP,14,3,43,Somewhat,0.25,No,Yes
14_EastContraCosta_DraftGSP,14,3,44,Somewhat,0.25,No,No
14_EastContraCosta_DraftGSP,14,3,45,No,0.15000000000000002,No,Not Applicable
14_EastContraCosta_DraftGSP,14,3,46,Somewhat,0.25,No,Somewhat
14_EastContraCosta_DraftGSP,14,3,47,Yes,1.0,Yes,No
14_EastContraCosta_DraftGSP,14,3,48,Somewhat,0.25,No,No
14_EastContraCosta_DraftGSP,14,3,49,No,0.15000000000000002,No,Not Applicable
14_EastContraCosta_DraftGSP,14,3,50,Somewhat,0.25,No,No
14_EastContraCosta_DraftGSP,14,3,51,Somewhat,0.25,No,Somewhat
14_EastContraCosta_DraftGSP,14,3,52,Somewhat,0.25,No,Somewhat
14_EastContraCosta_DraftGSP,14,3,53,Yes,1.0,Yes,Yes
14_EastContraCosta_DraftGSP,14,3,54,Somewhat,0.25,No,Somewhat
14_EastContraCosta_DraftGSP,14,3,55,Somewhat,0.25,No,No
14_EastContraCosta_DraftGSP,14,3,56,No,0.15000000000000002,No,No
14_EastContraCosta_DraftGSP,14,3,57,Somewhat,0.25,No,Somewhat
14_EastContraCosta_DraftGSP,14,3,58,Yes,1.0,Yes,No
14_EastContraCosta_DraftGSP,14,3,59,No,0.15000000000000002,No,No
14_EastContraCosta_DraftGSP,14,3,60,Somewhat,0.25,No,Somewhat
14_EastContraCosta_DraftGSP,14,3,61,No,0.15000000000000002,No,No
14_EastContraCosta_DraftGSP,14,3,62,Somewhat,0.25,No,Somewhat
14_EastContraCosta_DraftGSP,14,3,63,Somewhat,0.25,No,Somewhat
14_EastContraCosta_DraftGSP,14,3,64,Yes,1.0,Yes,Yes
14_EastContraCosta_DraftGSP,14,3,65,Somewhat,0.25,No,Yes
14_EastContraCosta_DraftGSP,14,3,66,Somewhat,0.25,No,Yes
14_EastContraCosta_DraftGSP,14,3,67,Yes,1.0,Yes,Somewhat
14_EastContraCosta_DraftGSP,14,3,68,Somewhat,0.25,No,No
14_EastContraCosta_DraftGSP,14,3,70,Somewhat,0.25,No,Somewhat
14_EastContraCosta_DraftGSP,14,4,1,Somewhat,0.25,No,Somewhat
14_EastContraCosta_DraftGSP,14,4,3,Yes,1.0,Yes,Somewhat
14_EastContraCosta_DraftGSP,14,4,4,Somewhat,0.25,No,Somewhat
14_EastContraCosta_DraftGSP,14,4,5,Somewhat,0.25,No,Not Applicable
14_EastContraCosta_DraftGSP,14,4,6,Somewhat,0.25,No,Somewhat
14_EastContraCosta_DraftGSP,14,4,7,Yes,1.0,Yes,Yes
14_EastContraCosta_DraftGSP,14,4,14,Yes,1.0,Yes,Yes
14_EastContraCosta_DraftGSP,14,4,17,Yes,1.0,Yes,Yes
14_EastContraCosta_DraftGSP,14,4,18,Somewhat,0.25,No,Somewhat
14_EastContraCosta_DraftGSP,14,4,22,Somewhat,0.25,No,Not Applicable
14_EastContraCosta_DraftGSP,14,4,24,Yes,1.0,Yes,Not Applicable
14_EastContraCosta_DraftGSP,14,4,25,Yes,1.0,Yes,Not Applicable
14_EastContraCosta_DraftGSP,14,4,28,Yes,1.0,Yes,Yes
14_EastContraCosta_DraftGSP,14,4,29,No,0.15000000000000002,No,No
14_EastContraCosta_DraftGSP,14,4,30,Yes,1.0,Yes,Yes
14_EastContraCosta_DraftGSP,14,4,31,Yes,1.0,Yes,No
14_EastContraCosta_DraftGSP,14,4,32,Yes,1.0,Yes,Yes
14_EastContraCosta_DraftGSP,14,4,33,Yes,1.0,Yes,Yes
14_EastContraCosta_DraftGSP,14,4,34,Somewhat,0.25,No,Somewhat
14_EastContraCosta_DraftGSP,14,4,36,No,0.15000000000000002,No,Yes
14_EastContraCosta_DraftGSP,14,4,37,Somewhat,0.25,No,Somewhat
14_EastContraCosta_DraftGSP,14,4,40,Somewhat,0.25,No,Somewhat
14_EastContraCosta_DraftGSP,14,4,41,Yes,1.0,Yes,Yes
14_EastContraCosta_DraftGSP,14,4,42,Yes,1.0,Yes,Yes
14_EastContraCosta_DraftGSP,14,4,43,Somewhat,0.25,No,Yes
14_EastContraCosta_DraftGSP,14,4,44,Somewhat,0.25,No,No
14_EastContraCosta_DraftGSP,14,4,45,No,0.15000000000000002,No,Not Applicable
14_EastContraCosta_DraftGSP,14,4,46,Somewhat,0.25,No,Somewhat
14_EastContraCosta_DraftGSP,14,4,47,Yes,1.0,Yes,No
14_EastContraCosta_DraftGSP,14,4,48,Somewhat,0.25,No,No
14_EastContraCosta_DraftGSP,14,4,49,No,0.15000000000000002,No,Not Applicable
14_EastContraCosta_DraftGSP,14,4,50,Somewhat,0.25,No,No
14_EastContraCosta_DraftGSP,14,4,51,Somewhat,0.25,No,Somewhat
14_EastContraCosta_DraftGSP,14,4,52,Somewhat,0.25,No,Somewhat
14_EastContraCosta_DraftGSP,14,4,53,Yes,1.0,Yes,Yes
14_EastContraCosta_DraftGSP,14,4,54,Somewhat,0.25,No,Somewhat
14_EastContraCosta_DraftGSP,14,4,55,Somewhat,0.25,No,No
14_EastContraCosta_DraftGSP,14,4,56,No,0.15000000000000002,No,No
14_EastContraCosta_DraftGSP,14,4,57,Somewhat,0.25,No,Somewhat
14_EastContraCosta_DraftGSP,14,4,58,Yes,1.0,Yes,No
14_EastContraCosta_DraftGSP,14,4,59,No,0.15000000000000002,No,No
14_EastContraCosta_DraftGSP,14,4,60,Somewhat,0.25,No,Somewhat
14_EastContraCosta_DraftGSP,14,4,61,No,0.15000000000000002,No,No
14_EastContraCosta_DraftGSP,14,4,62,Somewhat,0.25,No,Somewhat
14_EastContraCosta_DraftGSP,14,4,63,Somewhat,0.25,No,Somewhat
14_EastContraCosta_DraftGSP,14,4,64,Yes,1.0,Yes,Yes
14_EastContraCosta_DraftGSP,14,4,65,Somewhat,0.25,No,Yes
14_EastContraCosta_DraftGSP,14,4,66,Somewhat,0.25,No,Yes
14_EastContraCosta_DraftGSP,14,4,67,Yes,1.0,Yes,Somewhat
14_EastContraCosta_DraftGSP,14,4,68,Somewhat,0.25,No,No
14_EastContraCosta_DraftGSP,14,4,70,Somewhat,0.25,No,Somewhat
14_EastContraCosta_DraftGSP,14,5,1,Somewhat,0.25,No,Somewhat
14_EastContraCosta_DraftGSP,14,5,3,Yes,1.0,Yes,Somewhat
14_EastContraCosta_DraftGSP,14,5,4,Yes,1.0,Yes,Somewhat
14_EastContraCosta_DraftGSP,14,5,5,Somewhat,0.25,No,Not Applicable
14_EastContraCosta_DraftGSP,14,5,6,Somewhat,0.25,No,Somewhat
14_EastContraCosta_DraftGSP,14,5,7,Yes,1.0,Yes,Yes
14_EastContraCosta_DraftGSP,14,5,14,Yes,1.0,Yes,Yes
14_EastContraCosta_DraftGSP,14,5,17,Yes,1.0,Yes,Yes
14_EastContraCosta_DraftGSP,14,5,18,Yes,1.0,Yes,Somewhat
14_EastContraCosta_DraftGSP,14,5,22,Yes,1.0,Yes,Not Applicable
14_EastContraCosta_DraftGSP,14,5,24,Yes,1.0,Yes,Not Applicable
14_EastContraCosta_DraftGSP,14,5,25,Yes,1.0,Yes,Not Applicable
14_EastContraCosta_DraftGSP,14,5,28,Yes,1.0,Yes,Yes
14_EastContraCosta_DraftGSP,14,5,29,No,0.15000000000000002,No,No
14_EastContraCosta_DraftGSP,14,5,30,Yes,1.0,Yes,Yes
14_EastContraCosta_DraftGSP,14,5,31,Yes,1.0,Yes,No
14_EastContraCosta_DraftGSP,14,5,32,Yes,1.0,Yes,Yes
14_EastContraCosta_DraftGSP,14,5,33,Yes,1.0,Yes,Yes
14_EastContraCosta_DraftGSP,14,5,34,No,0.15000000000000002,No,Somewhat
14_EastContraCosta_DraftGSP,14,5,36,No,0.15000000000000002,No,Yes
14_EastContraCosta_DraftGSP,14,5,37,Somewhat,0.25,No,Somewhat
14_EastContraCosta_DraftGSP,14,5,40,Somewhat,0.25,No,Somewhat
14_EastContraCosta_DraftGSP,14,5,41,Yes,1.0,Yes,Yes
14_EastContraCosta_DraftGSP,14,5,42,Yes,1.0,Yes,Yes
14_EastContraCosta_DraftGSP,14,5,43,Somewhat,0.25,No,Yes
14_EastContraCosta_DraftGSP,14,5,44,Somewhat,0.25,No,No
14_EastContraCosta_DraftGSP,14,5,45,No,0.15000000000000002,No,Not Applicable
14_EastContraCosta_DraftGSP,14,5,46,Somewhat,0.25,No,Somewhat
14_EastContraCosta_DraftGSP,14,5,47,Yes,1.0,Yes,No
14_EastContraCosta_DraftGSP,14,5,48,No,0.15000000000000002,No,No
14_EastContraCosta_DraftGSP,14,5,49,No,0.15000000000000002,No,Not Applicable
14_EastContraCosta_DraftGSP,14,5,50,Somewhat,0.25,No,No
14_EastContraCosta_DraftGSP,14,5,51,Somewhat,0.25,No,Somewhat
14_EastContraCosta_DraftGSP,14,5,52,Somewhat,0.25,No,Somewhat
14_EastContraCosta_DraftGSP,14,5,53,Yes,1.0,Yes,Yes
14_EastContraCosta_DraftGSP,14,5,54,Somewhat,0.25,No,Somewhat
14_EastContraCosta_DraftGSP,14,5,55,Somewhat,0.25,No,No
14_EastContraCosta_DraftGSP,14,5,56,No,0.15000000000000002,No,No
14_EastContraCosta_DraftGSP,14,5,57,Somewhat,0.25,No,Somewhat
14_EastContraCosta_DraftGSP,14,5,58,Yes,1.0,Yes,No
14_EastContraCosta_DraftGSP,14,5,59,No,0.15000000000000002,No,No
14_EastContraCosta_DraftGSP,14,5,60,Somewhat,0.25,No,Somewhat
14_EastContraCosta_DraftGSP,14,5,61,No,0.15000000000000002,No,No
14_EastContraCosta_DraftGSP,14,5,62,Somewhat,0.25,No,Somewhat
14_EastContraCosta_DraftGSP,14,5,63,Somewhat,0.25,No,Somewhat
14_EastContraCosta_DraftGSP,14,5,64,Yes,1.0,Yes,Yes
14_EastContraCosta_DraftGSP,14,5,65,Somewhat,0.25,No,Yes
14_EastContraCosta_DraftGSP,14,5,66,Somewhat,0.25,No,Yes
14_EastContraCosta_DraftGSP,14,5,67,Yes,1.0,Yes,Somewhat
14_EastContraCosta_DraftGSP,14,5,68,Somewhat,0.25,No,No
14_EastContraCosta_DraftGSP,14,5,70,Somewhat,0.25,No,Somewhat
15_Fillmore_DraftGSP,15,1,1,Yes,1.0,Yes,Somewhat
15_Fillmore_DraftGSP,15,1,3,Yes,1.0,Yes,Somewhat
15_Fillmore_DraftGSP,15,1,4,Yes,1.0,Yes,Yes
15_Fillmore_DraftGSP,15,1,5,No,0.15000000000000002,No,Not Applicable
15_Fillmore_DraftGSP,15,1,6,Yes,1.0,Yes,Somewhat
15_Fillmore_DraftGSP,15,1,7,Yes,1.0,Yes,Yes
15_Fillmore_DraftGSP,15,1,14,No,0.15000000000000002,No,No
15_Fillmore_DraftGSP,15,1,17,Yes,1.0,Yes,Yes
15_Fillmore_DraftGSP,15,1,18,Yes,1.0,Yes,Yes
15_Fillmore_DraftGSP,15,1,22,Yes,1.0,Yes,Yes
15_Fillmore_DraftGSP,15,1,24,Yes,1.0,Yes,No
15_Fillmore_DraftGSP,15,1,25,No,0.15000000000000002,No,Yes
15_Fillmore_DraftGSP,15,1,28,Yes,1.0,Yes,Yes
15_Fillmore_DraftGSP,15,1,29,No,0.15000000000000002,No,Not Applicable
15_Fillmore_DraftGSP,15,1,30,Yes,1.0,Yes,Yes
15_Fillmore_DraftGSP,15,1,31,No,0.15000000000000002,No,No
15_Fillmore_DraftGSP,15,1,32,Yes,1.0,Yes,Yes
15_Fillmore_DraftGSP,15,1,33,Yes,1.0,Yes,Yes
15_Fillmore_DraftGSP,15,1,34,Yes,1.0,Yes,Yes
15_Fillmore_DraftGSP,15,1,36,Yes,1.0,Yes,Yes
15_Fillmore_DraftGSP,15,1,37,Somewhat,0.25,No,Somewhat
15_Fillmore_DraftGSP,15,1,40,Somewhat,0.25,No,Yes
15_Fillmore_DraftGSP,15,1,41,Somewhat,0.25,No,No
15_Fillmore_DraftGSP,15,1,42,Yes,1.0,Yes,No
15_Fillmore_DraftGSP,15,1,43,Somewhat,0.25,No,No
15_Fillmore_DraftGSP,15,1,44,Somewhat,0.25,No,No
15_Fillmore_DraftGSP,15,1,45,No,0.15000000000000002,No,No
15_Fillmore_DraftGSP,15,1,46,Somewhat,0.25,No,Somewhat
15_Fillmore_DraftGSP,15,1,47,Somewhat,0.25,No,No
15_Fillmore_DraftGSP,15,1,48,Somewhat,0.25,No,No
15_Fillmore_DraftGSP,15,1,49,No,0.15000000000000002,No,No
15_Fillmore_DraftGSP,15,1,50,Somewhat,0.25,No,No
15_Fillmore_DraftGSP,15,1,51,Somewhat,0.25,No,Somewhat
15_Fillmore_DraftGSP,15,1,52,Somewhat,0.25,No,Somewhat
15_Fillmore_DraftGSP,15,1,53,Yes,1.0,Yes,Yes
15_Fillmore_DraftGSP,15,1,54,Yes,1.0,Yes,Somewhat
15_Fillmore_DraftGSP,15,1,55,Somewhat,0.25,No,No
15_Fillmore_DraftGSP,15,1,56,Somewhat,0.25,No,Somewhat
15_Fillmore_DraftGSP,15,1,57,Yes,1.0,Yes,Somewhat
15_Fillmore_DraftGSP,15,1,58,Somewhat,0.25,No,No
15_Fillmore_DraftGSP,15,1,59,No,0.15000000000000002,No,Somewhat
15_Fillmore_DraftGSP,15,1,60,Somewhat,0.25,No,No
15_Fillmore_DraftGSP,15,1,61,No,0.15000000000000002,No,No
15_Fillmore_DraftGSP,15,1,62,Somewhat,0.25,No,No
15_Fillmore_DraftGSP,15,1,63,Somewhat,0.25,No,No
15_Fillmore_DraftGSP,15,1,64,Somewhat,0.25,No,Somewhat
15_Fillmore_DraftGSP,15,1,65,Somewhat,0.25,No,No
15_Fillmore_DraftGSP,15,1,66,No,0.15000000000000002,No,No
15_Fillmore_DraftGSP,15,1,67,Yes,1.0,Yes,Yes
15_Fillmore_DraftGSP,15,1,68,Somewhat,0.25,No,Somewhat
15_Fillmore_DraftGSP,15,1,70,Somewhat,0.25,No,Somewhat
15_Fillmore_DraftGSP,15,2,1,Yes,1.0,Yes,Somewhat
15_Fillmore_DraftGSP,15,2,3,Yes,1.0,Yes,Somewhat
15_Fillmore_DraftGSP,15,2,4,Yes,1.0,Yes,Yes
15_Fillmore_DraftGSP,15,2,5,No,0.15000000000000002,No,Not Applicable
15_Fillmore_DraftGSP,15,2,6,Yes,1.0,Yes,Somewhat
15_Fillmore_DraftGSP,15,2,7,Yes,1.0,Yes,Yes
15_Fillmore_DraftGSP,15,2,14,No,0.15000000000000002,No,No
15_Fillmore_DraftGSP,15,2,17,Yes,1.0,Yes,Yes
15_Fillmore_DraftGSP,15,2,18,Yes,1.0,Yes,Yes
15_Fillmore_DraftGSP,15,2,22,Yes,1.0,Yes,Yes
15_Fillmore_DraftGSP,15,2,24,Yes,1.0,Yes,No
15_Fillmore_DraftGSP,15,2,25,Somewhat,0.25,No,Yes
15_Fillmore_DraftGSP,15,2,28,Yes,1.0,Yes,Yes
15_Fillmore_DraftGSP,15,2,29,No,0.15000000000000002,No,Not Applicable
15_Fillmore_DraftGSP,15,2,30,Yes,1.0,Yes,Yes
15_Fillmore_DraftGSP,15,2,31,No,0.15000000000000002,No,No
15_Fillmore_DraftGSP,15,2,32,Yes,1.0,Yes,Yes
15_Fillmore_DraftGSP,15,2,33,Yes,1.0,Yes,Yes
15_Fillmore_DraftGSP,15,2,34,No,0.15000000000000002,No,Yes
15_Fillmore_DraftGSP,15,2,36,Yes,1.0,Yes,Yes
15_Fillmore_DraftGSP,15,2,37,Somewhat,0.25,No,Somewhat
15_Fillmore_DraftGSP,15,2,40,Somewhat,0.25,No,Yes
15_Fillmore_DraftGSP,15,2,41,Somewhat,0.25,No,No
15_Fillmore_DraftGSP,15,2,42,Yes,1.0,Yes,No
15_Fillmore_DraftGSP,15,2,43,Somewhat,0.25,No,No
15_Fillmore_DraftGSP,15,2,44,Somewhat,0.25,No,No
15_Fillmore_DraftGSP,15,2,45,No,0.15000000000000002,No,No
15_Fillmore_DraftGSP,15,2,46,Somewhat,0.25,No,Somewhat
15_Fillmore_DraftGSP,15,2,47,Somewhat,0.25,No,No
15_Fillmore_DraftGSP,15,2,48,Somewhat,0.25,No,No
15_Fillmore_DraftGSP,15,2,49,No,0.15000000000000002,No,No
15_Fillmore_DraftGSP,15,2,50,Somewhat,0.25,No,No
15_Fillmore_DraftGSP,15,2,51,Somewhat,0.25,No,Somewhat
15_Fillmore_DraftGSP,15,2,52,Somewhat,0.25,No,Somewhat
15_Fillmore_DraftGSP,15,2,53,Yes,1.0,Yes,Yes
15_Fillmore_DraftGSP,15,2,54,Yes,1.0,Yes,Somewhat
15_Fillmore_DraftGSP,15,2,55,Somewhat,0.25,No,No
15_Fillmore_DraftGSP,15,2,56,Somewhat,0.25,No,Somewhat
15_Fillmore_DraftGSP,15,2,57,Yes,1.0,Yes,Somewhat
15_Fillmore_DraftGSP,15,2,58,Somewhat,0.25,No,No
15_Fillmore_DraftGSP,15,2,59,Somewhat,0.25,No,Somewhat
15_Fillmore_DraftGSP,15,2,60,Somewhat,0.25,No,No
15_Fillmore_DraftGSP,15,2,61,No,0.15000000000000002,No,No
15_Fillmore_DraftGSP,15,2,62,Somewhat,0.25,No,No
15_Fillmore_DraftGSP,15,2,63,Somewhat,0.25,No,No
15_Fillmore_DraftGSP,15,2,64,Somewhat,0.25,No,Somewhat
15_Fillmore_DraftGSP,15,2,65,Somewhat,0.25,No,No
15_Fillmore_DraftGSP,15,2,66,No,0.15000000000000002,No,No
15_Fillmore_DraftGSP,15,2,67,Somewhat,0.25,No,Yes
15_Fillmore_DraftGSP,15,2,68,Somewhat,0.25,No,Somewhat
15_Fillmore_DraftGSP,15,2,70,Somewhat,0.25,No,Somewhat
15_Fillmore_DraftGSP,15,3,1,Yes,1.0,Yes,Somewhat
15_Fillmore_DraftGSP,15,3,3,Yes,1.0,Yes,Somewhat
15_Fillmore_DraftGSP,15,3,4,Yes,1.0,Yes,Yes
15_Fillmore_DraftGSP,15,3,5,No,0.15000000000000002,No,Not Applicable
15_Fillmore_DraftGSP,15,3,6,Yes,1.0,Yes,Somewhat
15_Fillmore_DraftGSP,15,3,7,Yes,1.0,Yes,Yes
15_Fillmore_DraftGSP,15,3,14,No,0.15000000000000002,No,No
15_Fillmore_DraftGSP,15,3,17,Yes,1.0,Yes,Yes
15_Fillmore_DraftGSP,15,3,18,Yes,1.0,Yes,Yes
15_Fillmore_DraftGSP,15,3,22,Yes,1.0,Yes,Yes
15_Fillmore_DraftGSP,15,3,24,Yes,1.0,Yes,No
15_Fillmore_DraftGSP,15,3,25,Yes,1.0,Yes,Yes
15_Fillmore_DraftGSP,15,3,28,Yes,1.0,Yes,Yes
15_Fillmore_DraftGSP,15,3,29,No,0.15000000000000002,No,Not Applicable
15_Fillmore_DraftGSP,15,3,30,Yes,1.0,Yes,Yes
15_Fillmore_DraftGSP,15,3,31,No,0.15000000000000002,No,No
15_Fillmore_DraftGSP,15,3,32,Yes,1.0,Yes,Yes
15_Fillmore_DraftGSP,15,3,33,Yes,1.0,Yes,Yes
15_Fillmore_DraftGSP,15,3,34,Somewhat,0.25,No,Yes
15_Fillmore_DraftGSP,15,3,36,Yes,1.0,Yes,Yes
15_Fillmore_DraftGSP,15,3,37,Somewhat,0.25,No,Somewhat
15_Fillmore_DraftGSP,15,3,40,Somewhat,0.25,No,Yes
15_Fillmore_DraftGSP,15,3,41,Somewhat,0.25,No,No
15_Fillmore_DraftGSP,15,3,42,Yes,1.0,Yes,No
15_Fillmore_DraftGSP,15,3,43,Somewhat,0.25,No,No
15_Fillmore_DraftGSP,15,3,44,Somewhat,0.25,No,No
15_Fillmore_DraftGSP,15,3,45,No,0.15000000000000002,No,No
15_Fillmore_DraftGSP,15,3,46,Somewhat,0.25,No,Somewhat
15_Fillmore_DraftGSP,15,3,47,Somewhat,0.25,No,No
15_Fillmore_DraftGSP,15,3,48,Somewhat,0.25,No,No
15_Fillmore_DraftGSP,15,3,49,No,0.15000000000000002,No,No
15_Fillmore_DraftGSP,15,3,50,Somewhat,0.25,No,No
15_Fillmore_DraftGSP,15,3,51,Somewhat,0.25,No,Somewhat
15_Fillmore_DraftGSP,15,3,52,Somewhat,0.25,No,Somewhat
15_Fillmore_DraftGSP,15,3,53,Yes,1.0,Yes,Yes
15_Fillmore_DraftGSP,15,3,54,Yes,1.0,Yes,Somewhat
15_Fillmore_DraftGSP,15,3,55,Somewhat,0.25,No,No
15_Fillmore_DraftGSP,15,3,56,Somewhat,0.25,No,Somewhat
15_Fillmore_DraftGSP,15,3,57,Yes,1.0,Yes,Somewhat
15_Fillmore_DraftGSP,15,3,58,Somewhat,0.25,No,No
15_Fillmore_DraftGSP,15,3,59,Somewhat,0.25,No,Somewhat
15_Fillmore_DraftGSP,15,3,60,Somewhat,0.25,No,No
15_Fillmore_DraftGSP,15,3,61,No,0.15000000000000002,No,No
15_Fillmore_DraftGSP,15,3,62,Somewhat,0.25,No,No
15_Fillmore_DraftGSP,15,3,63,Somewhat,0.25,No,No
15_Fillmore_DraftGSP,15,3,64,Somewhat,0.25,No,Somewhat
15_Fillmore_DraftGSP,15,3,65,Somewhat,0.25,No,No
15_Fillmore_DraftGSP,15,3,66,No,0.15000000000000002,No,No
15_Fillmore_DraftGSP,15,3,67,Somewhat,0.25,No,Yes
15_Fillmore_DraftGSP,15,3,68,Somewhat,0.25,No,Somewhat
15_Fillmore_DraftGSP,15,3,70,Somewhat,0.25,No,Somewhat
15_Fillmore_DraftGSP,15,4,1,Yes,1.0,Yes,Somewhat
15_Fillmore_DraftGSP,15,4,3,Yes,1.0,Yes,Somewhat
15_Fillmore_DraftGSP,15,4,4,Yes,1.0,Yes,Yes
15_Fillmore_DraftGSP,15,4,5,No,0.15000000000000002,No,Not Applicable
15_Fillmore_DraftGSP,15,4,6,Yes,1.0,Yes,Somewhat
15_Fillmore_DraftGSP,15,4,7,Yes,1.0,Yes,Yes
15_Fillmore_DraftGSP,15,4,14,No,0.15000000000000002,No,No
15_Fillmore_DraftGSP,15,4,17,No,0.15000000000000002,No,Yes
15_Fillmore_DraftGSP,15,4,18,Yes,1.0,Yes,Yes
15_Fillmore_DraftGSP,15,4,22,Yes,1.0,Yes,Yes
15_Fillmore_DraftGSP,15,4,24,Yes,1.0,Yes,No
15_Fillmore_DraftGSP,15,4,25,Yes,1.0,Yes,Yes
15_Fillmore_DraftGSP,15,4,28,Yes,1.0,Yes,Yes
15_Fillmore_DraftGSP,15,4,29,No,0.15000000000000002,No,Not Applicable
15_Fillmore_DraftGSP,15,4,30,Yes,1.0,Yes,Yes
15_Fillmore_DraftGSP,15,4,31,No,0.15000000000000002,No,No
15_Fillmore_DraftGSP,15,4,32,Yes,1.0,Yes,Yes
15_Fillmore_DraftGSP,15,4,33,Yes,1.0,Yes,Yes
15_Fillmore_DraftGSP,15,4,34,Somewhat,0.25,No,Yes
15_Fillmore_DraftGSP,15,4,36,Yes,1.0,Yes,Yes
15_Fillmore_DraftGSP,15,4,37,Somewhat,0.25,No,Somewhat
15_Fillmore_DraftGSP,15,4,40,Somewhat,0.25,No,Yes
15_Fillmore_DraftGSP,15,4,41,Somewhat,0.25,No,No
15_Fillmore_DraftGSP,15,4,42,Yes,1.0,Yes,No
15_Fillmore_DraftGSP,15,4,43,Somewhat,0.25,No,No
15_Fillmore_DraftGSP,15,4,44,Somewhat,0.25,No,No
15_Fillmore_DraftGSP,15,4,45,No,0.15000000000000002,No,No
15_Fillmore_DraftGSP,15,4,46,Somewhat,0.25,No,Somewhat
15_Fillmore_DraftGSP,15,4,47,Somewhat,0.25,No,No
15_Fillmore_DraftGSP,15,4,48,Somewhat,0.25,No,No
15_Fillmore_DraftGSP,15,4,49,No,0.15000000000000002,No,No
15_Fillmore_DraftGSP,15,4,50,Somewhat,0.25,No,No
15_Fillmore_DraftGSP,15,4,51,Somewhat,0.25,No,Somewhat
15_Fillmore_DraftGSP,15,4,52,Somewhat,0.25,No,Somewhat
15_Fillmore_DraftGSP,15,4,53,Yes,1.0,Yes,Yes
15_Fillmore_DraftGSP,15,4,54,Yes,1.0,Yes,Somewhat
15_Fillmore_DraftGSP,15,4,55,Somewhat,0.25,No,No
15_Fillmore_DraftGSP,15,4,56,Somewhat,0.25,No,Somewhat
15_Fillmore_DraftGSP,15,4,57,Yes,1.0,Yes,Somewhat
15_Fillmore_DraftGSP,15,4,58,Somewhat,0.25,No,No
15_Fillmore_DraftGSP,15,4,59,Somewhat,0.25,No,Somewhat
15_Fillmore_DraftGSP,15,4,60,Somewhat,0.25,No,No
15_Fillmore_DraftGSP,15,4,61,No,0.15000000000000002,No,No
15_Fillmore_DraftGSP,15,4,62,Somewhat,0.25,No,No
15_Fillmore_DraftGSP,15,4,63,Somewhat,0.25,No,No
15_Fillmore_DraftGSP,15,4,64,Somewhat,0.25,No,Somewhat
15_Fillmore_DraftGSP,15,4,65,Somewhat,0.25,No,No
15_Fillmore_DraftGSP,15,4,66,No,0.15000000000000002,No,No
15_Fillmore_DraftGSP,15,4,67,Yes,1.0,Yes,Yes
15_Fillmore_DraftGSP,15,4,68,Somewhat,0.25,No,Somewhat
15_Fillmore_DraftGSP,15,4,70,Somewhat,0.25,No,Somewhat
15_Fillmore_DraftGSP,15,5,1,Yes,1.0,Yes,Somewhat
15_Fillmore_DraftGSP,15,5,3,Yes,1.0,Yes,Somewhat
15_Fillmore_DraftGSP,15,5,4,Yes,1.0,Yes,Yes
15_Fillmore_DraftGSP,15,5,5,No,0.15000000000000002,No,Not Applicable
15_Fillmore_DraftGSP,15,5,6,Yes,1.0,Yes,Somewhat
15_Fillmore_DraftGSP,15,5,7,Yes,1.0,Yes,Yes
15_Fillmore_DraftGSP,15,5,14,No,0.15000000000000002,No,No
15_Fillmore_DraftGSP,15,5,17,Yes,1.0,Yes,Yes
15_Fillmore_DraftGSP,15,5,18,Yes,1.0,Yes,Yes
15_Fillmore_DraftGSP,15,5,22,Yes,1.0,Yes,Yes
15_Fillmore_DraftGSP,15,5,24,Yes,1.0,Yes,No
15_Fillmore_DraftGSP,15,5,25,Yes,1.0,Yes,Yes
15_Fillmore_DraftGSP,15,5,28,Yes,1.0,Yes,Yes
15_Fillmore_DraftGSP,15,5,29,No,0.15000000000000002,No,Not Applicable
15_Fillmore_DraftGSP,15,5,30,Yes,1.0,Yes,Yes
15_Fillmore_DraftGSP,15,5,31,No,0.15000000000000002,No,No
15_Fillmore_DraftGSP,15,5,32,Yes,1.0,Yes,Yes
15_Fillmore_DraftGSP,15,5,33,Yes,1.0,Yes,Yes
15_Fillmore_DraftGSP,15,5,34,No,0.15000000000000002,No,Yes
15_Fillmore_DraftGSP,15,5,36,Yes,1.0,Yes,Yes
15_Fillmore_DraftGSP,15,5,37,Somewhat,0.25,No,Somewhat
15_Fillmore_DraftGSP,15,5,40,Somewhat,0.25,No,Yes
15_Fillmore_DraftGSP,15,5,41,Somewhat,0.25,No,No
15_Fillmore_DraftGSP,15,5,42,Yes,1.0,Yes,No
15_Fillmore_DraftGSP,15,5,43,Somewhat,0.25,No,No
15_Fillmore_DraftGSP,15,5,44,Somewhat,0.25,No,No
15_Fillmore_DraftGSP,15,5,45,No,0.15000000000000002,No,No
15_Fillmore_DraftGSP,15,5,46,Somewhat,0.25,No,Somewhat
15_Fillmore_DraftGSP,15,5,47,Somewhat,0.25,No,No
15_Fillmore_DraftGSP,15,5,48,Somewhat,0.25,No,No
15_Fillmore_DraftGSP,15,5,49,No,0.15000000000000002,No,No
15_Fillmore_DraftGSP,15,5,50,Somewhat,0.25,No,No
15_Fillmore_DraftGSP,15,5,51,Somewhat,0.25,No,Somewhat
15_Fillmore_DraftGSP,15,5,52,Somewhat,0.25,No,Somewhat
15_Fillmore_DraftGSP,15,5,53,Yes,1.0,Yes,Yes
15_Fillmore_DraftGSP,15,5,54,Yes,1.0,Yes,Somewhat
15_Fillmore_DraftGSP,15,5,55,Somewhat,0.25,No,No
15_Fillmore_DraftGSP,15,5,56,Somewhat,0.25,No,Somewhat
15_Fillmore_DraftGSP,15,5,57,Yes,1.0,Yes,Somewhat
15_Fillmore_DraftGSP,15,5,58,Somewhat,0.25,No,No
15_Fillmore_DraftGSP,15,5,59,Somewhat,0.25,No,Somewhat
15_Fillmore_DraftGSP,15,5,60,Somewhat,0.25,No,No
15_Fillmore_DraftGSP,15,5,61,No,0.15000000000000002,No,No
15_Fillmore_DraftGSP,15,5,62,Somewhat,0.25,No,No
15_Fillmore_DraftGSP,15,5,63,Somewhat,0.25,No,No
15_Fillmore_DraftGSP,15,5,64,Somewhat,0.25,No,Somewhat
15_Fillmore_DraftGSP,15,5,65,Somewhat,0.25,No,No
15_Fillmore_DraftGSP,15,5,66,No,0.15000000000000002,No,No
15_Fillmore_DraftGSP,15,5,67,Yes,1.0,Yes,Yes
15_Fillmore_DraftGSP,15,5,68,Somewhat,0.25,No,Somewhat
15_Fillmore_DraftGSP,15,5,70,Somewhat,0.25,No,Somewhat
30_SonomaValley_DraftGSP,30,1,1,Yes,1.0,Yes,Somewhat
30_SonomaValley_DraftGSP,30,1,3,Yes,1.0,Yes,Yes
30_SonomaValley_DraftGSP,30,1,4,Yes,1.0,Yes,Somewhat
30_SonomaValley_DraftGSP,30,1,5,No,0.15000000000000002,No,Not Applicable
30_SonomaValley_DraftGSP,30,1,6,Somewhat,0.25,No,Yes
30_SonomaValley_DraftGSP,30,1,7,Yes,1.0,Yes,Yes
30_SonomaValley_DraftGSP,30,1,14,No,0.15000000000000002,No,Somewhat
30_SonomaValley_DraftGSP,30,1,17,Yes,1.0,Yes,Yes
30_SonomaValley_DraftGSP,30,1,18,Yes,1.0,Yes,Somewhat
30_SonomaValley_DraftGSP,30,1,22,Yes,1.0,Yes,Yes
30_SonomaValley_DraftGSP,30,1,24,Yes,1.0,Yes,Somewhat
30_SonomaValley_DraftGSP,30,1,25,Yes,1.0,Yes,Yes
30_SonomaValley_DraftGSP,30,1,28,Somewhat,0.25,No,No
30_SonomaValley_DraftGSP,30,1,29,No,0.15000000000000002,No,Not Applicable
30_SonomaValley_DraftGSP,30,1,30,Yes,1.0,Yes,Yes
30_SonomaValley_DraftGSP,30,1,31,No,0.15000000000000002,No,No
30_SonomaValley_DraftGSP,30,1,32,Yes,1.0,Yes,Yes
30_SonomaValley_DraftGSP,30,1,33,Yes,1.0,Yes,Yes
30_SonomaValley_DraftGSP,30,1,34,Yes,1.0,Yes,Somewhat
30_SonomaValley_DraftGSP,30,1,36,Yes,1.0,Yes,Yes
30_SonomaValley_DraftGSP,30,1,37,Somewhat,0.25,No,Somewhat
30_SonomaValley_DraftGSP,30,1,40,No,0.15000000000000002,No,Somewhat
30_SonomaValley_DraftGSP,30,1,41,Yes,1.0,Yes,Somewhat
30_SonomaValley_DraftGSP,30,1,42,Yes,1.0,Yes,No
30_SonomaValley_DraftGSP,30,1,43,Somewhat,0.25,No,Somewhat
30_SonomaValley_DraftGSP,30,1,44,No,0.15000000000000002,No,No
30_SonomaValley_DraftGSP,30,1,45,No,0.15000000000000002,No,Not Applicable
30_SonomaValley_DraftGSP,30,1,46,Somewhat,0.25,No,Somewhat
30_SonomaValley_DraftGSP,30,1,47,Yes,1.0,Yes,No
30_SonomaValley_DraftGSP,30,1,48,No,0.15000000000000002,No,No
30_SonomaValley_DraftGSP,30,1,49,No,0.15000000000000002,No,Not Applicable
30_SonomaValley_DraftGSP,30,1,50,Somewhat,0.25,No,No
30_SonomaValley_DraftGSP,30,1,51,Somewhat,0.25,No,Somewhat
30_SonomaValley_DraftGSP,30,1,52,Somewhat,0.25,No,Yes
30_SonomaValley_DraftGSP,30,1,53,Yes,1.0,Yes,Yes
30_SonomaValley_DraftGSP,30,1,54,Yes,1.0,Yes,Yes
30_SonomaValley_DraftGSP,30,1,55,Somewhat,0.25,No,Yes
30_SonomaValley_DraftGSP,30,1,56,No,0.15000000000000002,No,No
30_SonomaValley_DraftGSP,30,1,57,Yes,1.0,Yes,Yes
30_SonomaValley_DraftGSP,30,1,58,No,0.15000000000000002,No,No
30_SonomaValley_DraftGSP,30,1,59,No,0.15000000000000002,No,No
30_SonomaValley_DraftGSP,30,1,60,Somewhat,0.25,No,Somewhat
30_SonomaValley_DraftGSP,30,1,61,No,0.15000000000000002,No,No
30_SonomaValley_DraftGSP,30,1,62,Somewhat,0.25,No,Somewhat
30_SonomaValley_DraftGSP,30,1,63,Yes,1.0,Yes,Yes
30_SonomaValley_DraftGSP,30,1,64,Yes,1.0,Yes,Yes
30_SonomaValley_DraftGSP,30,1,65,Yes,1.0,Yes,Yes
30_SonomaValley_DraftGSP,30,1,66,Somewhat,0.25,No,Yes
30_SonomaValley_DraftGSP,30,1,67,Yes,1.0,Yes,Yes
30_SonomaValley_DraftGSP,30,1,68,Somewhat,0.25,No,Yes
30_SonomaValley_DraftGSP,30,1,70,Somewhat,0.25,No,Somewhat
30_SonomaValley_DraftGSP,30,2,1,Yes,1.0,Yes,Somewhat
30_SonomaValley_DraftGSP,30,2,3,Yes,1.0,Yes,Yes
30_SonomaValley_DraftGSP,30,2,4,Somewhat,0.25,No,Somewhat
30_SonomaValley_DraftGSP,30,2,5,No,0.15000000000000002,No,Not Applicable
30_SonomaValley_DraftGSP,30,2,6,Somewhat,0.25,No,Yes
30_SonomaValley_DraftGSP,30,2,7,Yes,1.0,Yes,Yes
30_SonomaValley_DraftGSP,30,2,14,No,0.15000000000000002,No,Somewhat
30_SonomaValley_DraftGSP,30,2,17,Yes,1.0,Yes,Yes
30_SonomaValley_DraftGSP,30,2,18,Yes,1.0,Yes,Somewhat
30_SonomaValley_DraftGSP,30,2,22,Yes,1.0,Yes,Yes
30_SonomaValley_DraftGSP,30,2,24,Yes,1.0,Yes,Somewhat
30_SonomaValley_DraftGSP,30,2,25,Yes,1.0,Yes,Yes
30_SonomaValley_DraftGSP,30,2,28,No,0.15000000000000002,No,No
30_SonomaValley_DraftGSP,30,2,29,No,0.15000000000000002,No,Not Applicable
30_SonomaValley_DraftGSP,30,2,30,Yes,1.0,Yes,Yes
30_SonomaValley_DraftGSP,30,2,31,No,0.15000000000000002,No,No
30_SonomaValley_DraftGSP,30,2,32,Yes,1.0,Yes,Yes
30_SonomaValley_DraftGSP,30,2,33,Yes,1.0,Yes,Yes
30_SonomaValley_DraftGSP,30,2,34,No,0.15000000000000002,No,Somewhat
30_SonomaValley_DraftGSP,30,2,36,Yes,1.0,Yes,Yes
30_SonomaValley_DraftGSP,30,2,37,Yes,1.0,Yes,Somewhat
30_SonomaValley_DraftGSP,30,2,40,No,0.15000000000000002,No,Somewhat
30_SonomaValley_DraftGSP,30,2,41,Yes,1.0,Yes,Somewhat
30_SonomaValley_DraftGSP,30,2,42,Yes,1.0,Yes,No
30_SonomaValley_DraftGSP,30,2,43,Somewhat,0.25,No,Somewhat
30_SonomaValley_DraftGSP,30,2,44,No,0.15000000000000002,No,No
30_SonomaValley_DraftGSP,30,2,45,No,0.15000000000000002,No,Not Applicable
30_SonomaValley_DraftGSP,30,2,46,Somewhat,0.25,No,Somewhat
30_SonomaValley_DraftGSP,30,2,47,Somewhat,0.25,No,No
30_SonomaValley_DraftGSP,30,2,48,No,0.15000000000000002,No,No
30_SonomaValley_DraftGSP,30,2,49,No,0.15000000000000002,No,Not Applicable
30_SonomaValley_DraftGSP,30,2,50,Somewhat,0.25,No,No
30_SonomaValley_DraftGSP,30,2,51,Somewhat,0.25,No,Somewhat
30_SonomaValley_DraftGSP,30,2,52,Somewhat,0.25,No,Yes
30_SonomaValley_DraftGSP,30,2,53,Yes,1.0,Yes,Yes
30_SonomaValley_DraftGSP,30,2,54,Yes,1.0,Yes,Yes
30_SonomaValley_DraftGSP,30,2,55,Yes,1.0,Yes,Yes
30_SonomaValley_DraftGSP,30,2,56,No,0.15000000000000002,No,No
30_SonomaValley_DraftGSP,30,2,57,Yes,1.0,Yes,Yes
30_SonomaValley_DraftGSP,30,2,58,No,0.15000000000000002,No,No
30_SonomaValley_DraftGSP,30,2,59,No,0.15000000000000002,No,No
30_SonomaValley_DraftGSP,30,2,60,Somewhat,0.25,No,Somewhat
30_SonomaValley_DraftGSP,30,2,61,No,0.15000000000000002,No,No
30_SonomaValley_DraftGSP,30,2,62,Somewhat,0.25,No,Somewhat
30_SonomaValley_DraftGSP,30,2,63,Yes,1.0,Yes,Yes
30_SonomaValley_DraftGSP,30,2,64,Yes,1.0,Yes,Yes
30_SonomaValley_DraftGSP,30,2,65,Yes,1.0,Yes,Yes
30_SonomaValley_DraftGSP,30,2,66,Somewhat,0.25,No,Yes
30_SonomaValley_DraftGSP,30,2,67,Yes,1.0,Yes,Yes
30_SonomaValley_DraftGSP,30,2,68,Somewhat,0.25,No,Yes
30_SonomaValley_DraftGSP,30,2,70,Somewhat,0.25,No,Somewhat
30_SonomaValley_DraftGSP,30,3,1,Yes,1.0,Yes,Somewhat
30_SonomaValley_DraftGSP,30,3,3,Yes,1.0,Yes,Yes
30_SonomaValley_DraftGSP,30,3,4,Yes,1.0,Yes,Somewhat
30_SonomaValley_DraftGSP,30,3,5,No,0.15000000000000002,No,Not Applicable
30_SonomaValley_DraftGSP,30,3,6,Yes,1.0,Yes,Yes
30_SonomaValley_DraftGSP,30,3,7,Yes,1.0,Yes,Yes
30_SonomaValley_DraftGSP,30,3,14,No,0.15000000000000002,No,Somewhat
30_SonomaValley_DraftGSP,30,3,17,Yes,1.0,Yes,Yes
30_SonomaValley_DraftGSP,30,3,18,Yes,1.0,Yes,Somewhat
30_SonomaValley_DraftGSP,30,3,22,Yes,1.0,Yes,Yes
30_SonomaValley_DraftGSP,30,3,24,Yes,1.0,Yes,Somewhat
30_SonomaValley_DraftGSP,30,3,25,Yes,1.0,Yes,Yes
30_SonomaValley_DraftGSP,30,3,28,No,0.15000000000000002,No,No
30_SonomaValley_DraftGSP,30,3,29,No,0.15000000000000002,No,Not Applicable
30_SonomaValley_DraftGSP,30,3,30,Yes,1.0,Yes,Yes
30_SonomaValley_DraftGSP,30,3,31,No,0.15000000000000002,No,No
30_SonomaValley_DraftGSP,30,3,32,Yes,1.0,Yes,Yes
30_SonomaValley_DraftGSP,30,3,33,Yes,1.0,Yes,Yes
30_SonomaValley_DraftGSP,30,3,34,No,0.15000000000000002,No,Somewhat
30_SonomaValley_DraftGSP,30,3,36,Yes,1.0,Yes,Yes
30_SonomaValley_DraftGSP,30,3,37,Yes,1.0,Yes,Somewhat
30_SonomaValley_DraftGSP,30,3,40,No,0.15000000000000002,No,Somewhat
30_SonomaValley_DraftGSP,30,3,41,Yes,1.0,Yes,Somewhat
30_SonomaValley_DraftGSP,30,3,42,Yes,1.0,Yes,No
30_SonomaValley_DraftGSP,30,3,43,Somewhat,0.25,No,Somewhat
30_SonomaValley_DraftGSP,30,3,44,No,0.15000000000000002,No,No
30_SonomaValley_DraftGSP,30,3,45,No,0.15000000000000002,No,Not Applicable
30_SonomaValley_DraftGSP,30,3,46,Somewhat,0.25,No,Somewhat
30_SonomaValley_DraftGSP,30,3,47,Somewhat,0.25,No,No
30_SonomaValley_DraftGSP,30,3,48,No,0.15000000000000002,No,No
30_SonomaValley_DraftGSP,30,3,49,No,0.15000000000000002,No,Not Applicable
30_SonomaValley_DraftGSP,30,3,50,Somewhat,0.25,No,No
30_SonomaValley_DraftGSP,30,3,51,Somewhat,0.25,No,Somewhat
30_SonomaValley_DraftGSP,30,3,52,Somewhat,0.25,No,Yes
30_SonomaValley_DraftGSP,30,3,53,Yes,1.0,Yes,Yes
30_SonomaValley_DraftGSP,30,3,54,Yes,1.0,Yes,Yes
30_SonomaValley_DraftGSP,30,3,55,Yes,1.0,Yes,Yes
30_SonomaValley_DraftGSP,30,3,56,No,0.15000000000000002,No,No
30_SonomaValley_DraftGSP,30,3,57,Somewhat,0.25,No,Yes
30_SonomaValley_DraftGSP,30,3,58,No,0.15000000000000002,No,No
30_SonomaValley_DraftGSP,30,3,59,No,0.15000000000000002,No,No
30_SonomaValley_DraftGSP,30,3,60,Somewhat,0.25,No,Somewhat
30_SonomaValley_DraftGSP,30,3,61,No,0.15000000000000002,No,No
30_SonomaValley_DraftGSP,30,3,62,Somewhat,0.25,No,Somewhat
30_SonomaValley_DraftGSP,30,3,63,Yes,1.0,Yes,Yes
30_SonomaValley_DraftGSP,30,3,64,Yes,1.0,Yes,Yes
30_SonomaValley_DraftGSP,30,3,65,Yes,1.0,Yes,Yes
30_SonomaValley_DraftGSP,30,3,66,Somewhat,0.25,No,Yes
30_SonomaValley_DraftGSP,30,3,67,Yes,1.0,Yes,Yes
30_SonomaValley_DraftGSP,30,3,68,Somewhat,0.25,No,Yes
30_SonomaValley_DraftGSP,30,3,70,Somewhat,0.25,No,Somewhat
30_SonomaValley_DraftGSP,30,4,1,Yes,1.0,Yes,Somewhat
30_SonomaValley_DraftGSP,30,4,3,Yes,1.0,Yes,Yes
30_SonomaValley_DraftGSP,30,4,4,Yes,1.0,Yes,Somewhat
30_SonomaValley_DraftGSP,30,4,5,No,0.15000000000000002,No,Not Applicable
30_SonomaValley_DraftGSP,30,4,6,Somewhat,0.25,No,Yes
30_SonomaValley_DraftGSP,30,4,7,Yes,1.0,Yes,Yes
30_SonomaValley_DraftGSP,30,4,14,No,0.15000000000000002,No,Somewhat
30_SonomaValley_DraftGSP,30,4,17,Yes,1.0,Yes,Yes
30_SonomaValley_DraftGSP,30,4,18,Yes,1.0,Yes,Somewhat
30_SonomaValley_DraftGSP,30,4,22,Yes,1.0,Yes,Yes
30_SonomaValley_DraftGSP,30,4,24,Yes,1.0,Yes,Somewhat
30_SonomaValley_DraftGSP,30,4,25,Yes,1.0,Yes,Yes
30_SonomaValley_DraftGSP,30,4,28,Somewhat,0.25,No,No
30_SonomaValley_DraftGSP,30,4,29,No,0.15000000000000002,No,Not Applicable
30_SonomaValley_DraftGSP,30,4,30,Yes,1.0,Yes,Yes
30_SonomaValley_DraftGSP,30,4,31,No,0.15000000000000002,No,No
30_SonomaValley_DraftGSP,30,4,32,Yes,1.0,Yes,Yes
30_SonomaValley_DraftGSP,30,4,33,Yes,1.0,Yes,Yes
30_SonomaValley_DraftGSP,30,4,34,Yes,1.0,Yes,Somewhat
30_SonomaValley_DraftGSP,30,4,36,Yes,1.0,Yes,Yes
30_SonomaValley_DraftGSP,30,4,37,Yes,1.0,Yes,Somewhat
30_SonomaValley_DraftGSP,30,4,40,No,0.15000000000000002,No,Somewhat
30_SonomaValley_DraftGSP,30,4,41,Yes,1.0,Yes,Somewhat
30_SonomaValley_DraftGSP,30,4,42,Yes,1.0,Yes,No
30_SonomaValley_DraftGSP,30,4,43,Somewhat,0.25,No,Somewhat
30_SonomaValley_DraftGSP,30,4,44,No,0.15000000000000002,No,No
30_SonomaValley_DraftGSP,30,4,45,No,0.15000000000000002,No,Not Applicable
30_SonomaValley_DraftGSP,30,4,46,Somewhat,0.25,No,Somewhat
30_SonomaValley_DraftGSP,30,4,47,Yes,1.0,Yes,No
30_SonomaValley_DraftGSP,30,4,48,No,0.15000000000000002,No,No
30_SonomaValley_DraftGSP,30,4,49,No,0.15000000000000002,No,Not Applicable
30_SonomaValley_DraftGSP,30,4,50,Somewhat,0.25,No,No
30_SonomaValley_DraftGSP,30,4,51,Somewhat,0.25,No,Somewhat
30_SonomaValley_DraftGSP,30,4,52,Somewhat,0.25,No,Yes
30_SonomaValley_DraftGSP,30,4,53,Yes,1.0,Yes,Yes
30_SonomaValley_DraftGSP,30,4,54,Yes,1.0,Yes,Yes
30_SonomaValley_DraftGSP,30,4,55,Somewhat,0.25,No,Yes
30_SonomaValley_DraftGSP,30,4,56,No,0.15000000000000002,No,No
30_SonomaValley_DraftGSP,30,4,57,Yes,1.0,Yes,Yes
30_SonomaValley_DraftGSP,30,4,58,No,0.15000000000000002,No,No
30_SonomaValley_DraftGSP,30,4,59,No,0.15000000000000002,No,No
30_SonomaValley_DraftGSP,30,4,60,Somewhat,0.25,No,Somewhat
30_SonomaValley_DraftGSP,30,4,61,No,0.15000000000000002,No,No
30_SonomaValley_DraftGSP,30,4,62,Somewhat,0.25,No,Somewhat
30_SonomaValley_DraftGSP,30,4,63,Yes,1.0,Yes,Yes
30_SonomaValley_DraftGSP,30,4,64,Yes,1.0,Yes,Yes
30_SonomaValley_DraftGSP,30,4,65,Yes,1.0,Yes,Yes
30_SonomaValley_DraftGSP,30,4,66,Somewhat,0.25,No,Yes
30_SonomaValley_DraftGSP,30,4,67,Yes,1.0,Yes,Yes
30_SonomaValley_DraftGSP,30,4,68,Somewhat,0.25,No,Yes
30_SonomaValley_DraftGSP,30,4,70,Somewhat,0.25,No,Somewhat
30_SonomaValley_DraftGSP,30,5,1,Yes,1.0,Yes,Somewhat
30_SonomaValley_DraftGSP,30,5,3,Yes,1.0,Yes,Yes
30_SonomaValley_DraftGSP,30,5,4,Yes,1.0,Yes,Somewhat
30_SonomaValley_DraftGSP,30,5,5,No,0.15000000000000002,No,Not Applicable
30_SonomaValley_DraftGSP,30,5,6,Somewhat,0.25,No,Yes
30_SonomaValley_DraftGSP,30,5,7,Yes,1.0,Yes,Yes
30_SonomaValley_DraftGSP,30,5,14,No,0.15000000000000002,No,Somewhat
30_SonomaValley_DraftGSP,30,5,17,Yes,1.0,Yes,Yes
30_SonomaValley_DraftGSP,30,5,18,Yes,1.0,Yes,Somewhat
30_SonomaValley_DraftGSP,30,5,22,Yes,1.0,Yes,Yes
30_SonomaValley_DraftGSP,30,5,24,Yes,1.0,Yes,Somewhat
30_SonomaValley_DraftGSP,30,5,25,Yes,1.0,Yes,Yes
30_SonomaValley_DraftGSP,30,5,28,Somewhat,0.25,No,No
30_SonomaValley_DraftGSP,30,5,29,No,0.15000000000000002,No,Not Applicable
30_SonomaValley_DraftGSP,30,5,30,Yes,1.0,Yes,Yes
30_SonomaValley_DraftGSP,30,5,31,No,0.15000000000000002,No,No
30_SonomaValley_DraftGSP,30,5,32,Yes,1.0,Yes,Yes
30_SonomaValley_DraftGSP,30,5,33,Yes,1.0,Yes,Yes
30_SonomaValley_DraftGSP,30,5,34,Somewhat,0.25,No,Somewhat
30_SonomaValley_DraftGSP,30,5,36,Yes,1.0,Yes,Yes
30_SonomaValley_DraftGSP,30,5,37,Yes,1.0,Yes,Somewhat
30_SonomaValley_DraftGSP,30,5,40,No,0.15000000000000002,No,Somewhat
30_SonomaValley_DraftGSP,30,5,41,Yes,1.0,Yes,Somewhat
30_SonomaValley_DraftGSP,30,5,42,Yes,1.0,Yes,No
30_SonomaValley_DraftGSP,30,5,43,Somewhat,0.25,No,Somewhat
30_SonomaValley_DraftGSP,30,5,44,No,0.15000000000000002,No,No
30_SonomaValley_DraftGSP,30,5,45,No,0.15000000000000002,No,Not Applicable
30_SonomaValley_DraftGSP,30,5,46,Somewhat,0.25,No,Somewhat
30_SonomaValley_DraftGSP,30,5,47,Somewhat,0.25,No,No
30_SonomaValley_DraftGSP,30,5,48,No,0.15000000000000002,No,No
30_SonomaValley_DraftGSP,30,5,49,No,0.15000000000000002,No,Not Applicable
30_SonomaValley_DraftGSP,30,5,50,Somewhat,0.25,No,No
30_SonomaValley_DraftGSP,30,5,51,Somewhat,0.25,No,Somewhat
30_SonomaValley_DraftGSP,30,5,52,Somewhat,0.25,No,Yes
30_SonomaValley_DraftGSP,30,5,53,Yes,1.0,Yes,Yes
30_SonomaValley_DraftGSP,30,5,54,Yes,1.0,Yes,Yes
30_SonomaValley_DraftGSP,30,5,55,Somewhat,0.25,No,Yes
30_SonomaValley_DraftGSP,30,5,56,No,0.15000000000000002,No,No
30_SonomaValley_DraftGSP,30,5,57,Yes,1.0,Yes,Yes
30_SonomaValley_DraftGSP,30,5,58,No,0.15000000000000002,No,No
30_SonomaValley_DraftGSP,30,5,59,No,0.15000000000000002,No,No
30_SonomaValley_DraftGSP,30,5,60,Somewhat,0.25,No,Somewhat
30_SonomaValley_DraftGSP,30,5,61,No,0.15000000000000002,No,No
30_SonomaValley_DraftGSP,30,5,62,Somewhat,0.25,No,Somewhat
30_SonomaValley_DraftGSP,30,5,63,Yes,1.0,Yes,Yes
30_SonomaValley_DraftGSP,30,5,64,Yes,1.0,Yes,Yes
30_SonomaValley_DraftGSP,30,5,65,Yes,1.0,Yes,Yes
30_SonomaValley_DraftGSP,30,5,66,Somewhat,0.25,No,Yes
30_SonomaValley_DraftGSP,30,5,67,Yes,1.0,Yes,Yes
30_SonomaValley_DraftGSP,30,5,68,Somewhat,0.25,No,Yes
30_SonomaValley_DraftGSP,30,5,70,Somewhat,0.25,No,Somewhat
50_SanLuisObispoValley_DraftGSP,50,1,1,Somewhat,0.25,No,Yes
50_SanLuisObispoValley_DraftGSP,50,1,3,Yes,1.0,Yes,Somewhat
50_SanLuisObispoValley_DraftGSP,50,1,4,Somewhat,0.25,No,Yes
50_SanLuisObispoValley_DraftGSP,50,1,5,Somewhat,0.25,No,Somewhat
50_SanLuisObispoValley_DraftGSP,50,1,6,Somewhat,0.25,No,Somewhat
50_SanLuisObispoValley_DraftGSP,50,1,7,Yes,1.0,Yes,Yes
50_SanLuisObispoValley_DraftGSP,50,1,14,No,0.15000000000000002,No,Somewhat
50_SanLuisObispoValley_DraftGSP,50,1,17,Yes,1.0,Yes,Yes
50_SanLuisObispoValley_DraftGSP,50,1,18,Yes,1.0,Yes,Yes
50_SanLuisObispoValley_DraftGSP,50,1,22,Yes,1.0,Yes,Somewhat
50_SanLuisObispoValley_DraftGSP,50,1,24,Yes,1.0,Yes,No
50_SanLuisObispoValley_DraftGSP,50,1,25,Somewhat,0.25,No,No
50_SanLuisObispoValley_DraftGSP,50,1,28,Yes,1.0,Yes,Somewhat
50_SanLuisObispoValley_DraftGSP,50,1,29,No,0.15000000000000002,No,Not Applicable
50_SanLuisObispoValley_DraftGSP,50,1,30,Yes,1.0,Yes,Yes
50_SanLuisObispoValley_DraftGSP,50,1,31,No,0.15000000000000002,No,No
50_SanLuisObispoValley_DraftGSP,50,1,32,Yes,1.0,Yes,Yes
50_SanLuisObispoValley_DraftGSP,50,1,33,Yes,1.0,Yes,Yes
50_SanLuisObispoValley_DraftGSP,50,1,34,No,0.15000000000000002,No,Yes
50_SanLuisObispoValley_DraftGSP,50,1,36,No,0.15000000000000002,No,No
50_SanLuisObispoValley_DraftGSP,50,1,37,Yes,1.0,Yes,Somewhat
50_SanLuisObispoValley_DraftGSP,50,1,40,No,0.15000000000000002,No,Somewhat
50_SanLuisObispoValley_DraftGSP,50,1,41,Yes,1.0,Yes,Somewhat
50_SanLuisObispoValley_DraftGSP,50,1,42,Yes,1.0,Yes,No
50_SanLuisObispoValley_DraftGSP,50,1,43,Somewhat,0.25,No,Yes
50_SanLuisObispoValley_DraftGSP,50,1,44,No,0.15000000000000002,No,No
50_SanLuisObispoValley_DraftGSP,50,1,45,No,0.15000000000000002,No,No
50_SanLuisObispoValley_DraftGSP,50,1,46,Somewhat,0.25,No,Somewhat
50_SanLuisObispoValley_DraftGSP,50,1,47,Yes,1.0,Yes,No
50_SanLuisObispoValley_DraftGSP,50,1,48,No,0.15000000000000002,No,No
50_SanLuisObispoValley_DraftGSP,50,1,49,No,0.15000000000000002,No,No
50_SanLuisObispoValley_DraftGSP,50,1,50,Somewhat,0.25,No,No
50_SanLuisObispoValley_DraftGSP,50,1,51,Somewhat,0.25,No,Somewhat
50_SanLuisObispoValley_DraftGSP,50,1,52,Somewhat,0.25,No,No
50_SanLuisObispoValley_DraftGSP,50,1,53,Yes,1.0,Yes,Yes
50_SanLuisObispoValley_DraftGSP,50,1,54,Somewhat,0.25,No,Somewhat
50_SanLuisObispoValley_DraftGSP,50,1,55,Somewhat,0.25,No,Yes
50_SanLuisObispoValley_DraftGSP,50,1,56,No,0.15000000000000002,No,No
50_SanLuisObispoValley_DraftGSP,50,1,57,Yes,1.0,Yes,No
50_SanLuisObispoValley_DraftGSP,50,1,58,No,0.15000000000000002,No,No
50_SanLuisObispoValley_DraftGSP,50,1,59,No,0.15000000000000002,No,No
50_SanLuisObispoValley_DraftGSP,50,1,60,Somewhat,0.25,No,Somewhat
50_SanLuisObispoValley_DraftGSP,50,1,61,No,0.15000000000000002,No,No
50_SanLuisObispoValley_DraftGSP,50,1,62,Yes,1.0,Yes,Yes
50_SanLuisObispoValley_DraftGSP,50,1,63,Somewhat,0.25,No,Somewhat
50_SanLuisObispoValley_DraftGSP,50,1,64,Yes,1.0,Yes,Somewhat
50_SanLuisObispoValley_DraftGSP,50,1,65,Yes,1.0,Yes,Somewhat
50_SanLuisObispoValley_DraftGSP,50,1,66,No,0.15000000000000002,No,No
50_SanLuisObispoValley_DraftGSP,50,1,67,No,0.15000000000000002,No,No
50_SanLuisObispoValley_DraftGSP,50,1,68,Somewhat,0.25,No,No
50_SanLuisObispoValley_DraftGSP,50,1,70,Somewhat,0.25,No,Somewhat
50_SanLuisObispoValley_DraftGSP,50,2,1,Somewhat,0.25,No,Yes
50_SanLuisObispoValley_DraftGSP,50,2,3,Yes,1.0,Yes,Somewhat
50_SanLuisObispoValley_DraftGSP,50,2,4,Somewhat,0.25,No,Yes
50_SanLuisObispoValley_DraftGSP,50,2,5,Somewhat,0.25,No,Somewhat
50_SanLuisObispoValley_DraftGSP,50,2,6,Somewhat,0.25,No,Somewhat
50_SanLuisObispoValley_DraftGSP,50,2,7,Yes,1.0,Yes,Yes
50_SanLuisObispoValley_DraftGSP,50,2,14,No,0.15000000000000002,No,Somewhat
50_SanLuisObispoValley_DraftGSP,50,2,17,Yes,1.0,Yes,Yes
50_SanLuisObispoValley_DraftGSP,50,2,18,Yes,1.0,Yes,Yes
50_SanLuisObispoValley_DraftGSP,50,2,22,Somewhat,0.25,No,Somewhat
50_SanLuisObispoValley_DraftGSP,50,2,24,Yes,1.0,Yes,No
50_SanLuisObispoValley_DraftGSP,50,2,25,No,0.15000000000000002,No,No
50_SanLuisObispoValley_DraftGSP,50,2,28,Yes,1.0,Yes,Somewhat
50_SanLuisObispoValley_DraftGSP,50,2,29,No,0.15000000000000002,No,Not Applicable
50_SanLuisObispoValley_DraftGSP,50,2,30,Yes,1.0,Yes,Yes
50_SanLuisObispoValley_DraftGSP,50,2,31,No,0.15000000000000002,No,No
50_SanLuisObispoValley_DraftGSP,50,2,32,Yes,1.0,Yes,Yes
50_SanLuisObispoValley_DraftGSP,50,2,33,Yes,1.0,Yes,Yes
50_SanLuisObispoValley_DraftGSP,50,2,34,No,0.15000000000000002,No,Yes
50_SanLuisObispoValley_DraftGSP,50,2,36,No,0.15000000000000002,No,No
50_SanLuisObispoValley_DraftGSP,50,2,37,Yes,1.0,Yes,Somewhat
50_SanLuisObispoValley_DraftGSP,50,2,40,No,0.15000000000000002,No,Somewhat
50_SanLuisObispoValley_DraftGSP,50,2,41,Yes,1.0,Yes,Somewhat
50_SanLuisObispoValley_DraftGSP,50,2,42,Yes,1.0,Yes,No
50_SanLuisObispoValley_DraftGSP,50,2,43,Somewhat,0.25,No,Yes
50_SanLuisObispoValley_DraftGSP,50,2,44,No,0.15000000000000002,No,No
50_SanLuisObispoValley_DraftGSP,50,2,45,No,0.15000000000000002,No,No
50_SanLuisObispoValley_DraftGSP,50,2,46,Somewhat,0.25,No,Somewhat
50_SanLuisObispoValley_DraftGSP,50,2,47,Yes,1.0,Yes,No
50_SanLuisObispoValley_DraftGSP,50,2,48,No,0.15000000000000002,No,No
50_SanLuisObispoValley_DraftGSP,50,2,49,No,0.15000000000000002,No,No
50_SanLuisObispoValley_DraftGSP,50,2,50,Somewhat,0.25,No,No
50_SanLuisObispoValley_DraftGSP,50,2,51,Somewhat,0.25,No,Somewhat
50_SanLuisObispoValley_DraftGSP,50,2,52,Somewhat,0.25,No,No
50_SanLuisObispoValley_DraftGSP,50,2,53,Yes,1.0,Yes,Yes
50_SanLuisObispoValley_DraftGSP,50,2,54,Somewhat,0.25,No,Somewhat
50_SanLuisObispoValley_DraftGSP,50,2,55,Somewhat,0.25,No,Yes
50_SanLuisObispoValley_DraftGSP,50,2,56,No,0.15000000000000002,No,No
50_SanLuisObispoValley_DraftGSP,50,2,57,Yes,1.0,Yes,No
50_SanLuisObispoValley_DraftGSP,50,2,58,No,0.15000000000000002,No,No
50_SanLuisObispoValley_DraftGSP,50,2,59,No,0.15000000000000002,No,No
50_SanLuisObispoValley_DraftGSP,50,2,60,Somewhat,0.25,No,Somewhat
50_SanLuisObispoValley_DraftGSP,50,2,61,No,0.15000000000000002,No,No
50_SanLuisObispoValley_DraftGSP,50,2,62,Yes,1.0,Yes,Yes
50_SanLuisObispoValley_DraftGSP,50,2,63,Yes,1.0,Yes,Somewhat
50_SanLuisObispoValley_DraftGSP,50,2,64,Yes,1.0,Yes,Somewhat
50_SanLuisObispoValley_DraftGSP,50,2,65,Yes,1.0,Yes,Somewhat
50_SanLuisObispoValley_DraftGSP,50,2,66,No,0.15000000000000002,No,No
50_SanLuisObispoValley_DraftGSP,50,2,67,No,0.15000000000000002,No,No
50_SanLuisObispoValley_DraftGSP,50,2,68,Somewhat,0.25,No,No
50_SanLuisObispoValley_DraftGSP,50,2,70,Somewhat,0.25,No,Somewhat
50_SanLuisObispoValley_DraftGSP,50,3,1,Somewhat,0.25,No,Yes
50_SanLuisObispoValley_DraftGSP,50,3,3,Yes,1.0,Yes,Somewhat
50_SanLuisObispoValley_DraftGSP,50,3,4,Somewhat,0.25,No,Yes
50_SanLuisObispoValley_DraftGSP,50,3,5,Somewhat,0.25,No,Somewhat
50_SanLuisObispoValley_DraftGSP,50,3,6,Somewhat,0.25,No,Somewhat
50_SanLuisObispoValley_DraftGSP,50,3,7,Yes,1.0,Yes,Yes
50_SanLuisObispoValley_DraftGSP,50,3,14,No,0.15000000000000002,No,Somewhat
50_SanLuisObispoValley_DraftGSP,50,3,17,Yes,1.0,Yes,Yes
50_SanLuisObispoValley_DraftGSP,50,3,18,Yes,1.0,Yes,Yes
50_SanLuisObispoValley_DraftGSP,50,3,22,Somewhat,0.25,No,Somewhat
50_SanLuisObispoValley_DraftGSP,50,3,24,Yes,1.0,Yes,No
50_SanLuisObispoValley_DraftGSP,50,3,25,Yes,1.0,Yes,No
50_SanLuisObispoValley_DraftGSP,50,3,28,Yes,1.0,Yes,Somewhat
50_SanLuisObispoValley_DraftGSP,50,3,29,No,0.15000000000000002,No,Not Applicable
50_SanLuisObispoValley_DraftGSP,50,3,30,Yes,1.0,Yes,Yes
50_SanLuisObispoValley_DraftGSP,50,3,31,No,0.15000000000000002,No,No
50_SanLuisObispoValley_DraftGSP,50,3,32,Yes,1.0,Yes,Yes
50_SanLuisObispoValley_DraftGSP,50,3,33,Yes,1.0,Yes,Yes
50_SanLuisObispoValley_DraftGSP,50,3,34,No,0.15000000000000002,No,Yes
50_SanLuisObispoValley_DraftGSP,50,3,36,No,0.15000000000000002,No,No
50_SanLuisObispoValley_DraftGSP,50,3,37,Yes,1.0,Yes,Somewhat
50_SanLuisObispoValley_DraftGSP,50,3,40,No,0.15000000000000002,No,Somewhat
50_SanLuisObispoValley_DraftGSP,50,3,41,Yes,1.0,Yes,Somewhat
50_SanLuisObispoValley_DraftGSP,50,3,42,Yes,1.0,Yes,No
50_SanLuisObispoValley_DraftGSP,50,3,43,Somewhat,0.25,No,Yes
50_SanLuisObispoValley_DraftGSP,50,3,44,No,0.15000000000000002,No,No
50_SanLuisObispoValley_DraftGSP,50,3,45,No,0.15000000000000002,No,No
50_SanLuisObispoValley_DraftGSP,50,3,46,Somewhat,0.25,No,Somewhat
50_SanLuisObispoValley_DraftGSP,50,3,47,Yes,1.0,Yes,No
50_SanLuisObispoValley_DraftGSP,50,3,48,No,0.15000000000000002,No,No
50_SanLuisObispoValley_DraftGSP,50,3,49,No,0.15000000000000002,No,No
50_SanLuisObispoValley_DraftGSP,50,3,50,Somewhat,0.25,No,No
50_SanLuisObispoValley_DraftGSP,50,3,51,Somewhat,0.25,No,Somewhat
50_SanLuisObispoValley_DraftGSP,50,3,52,Somewhat,0.25,No,No
50_SanLuisObispoValley_DraftGSP,50,3,53,Yes,1.0,Yes,Yes
50_SanLuisObispoValley_DraftGSP,50,3,54,Somewhat,0.25,No,Somewhat
50_SanLuisObispoValley_DraftGSP,50,3,55,Yes,1.0,Yes,Yes
50_SanLuisObispoValley_DraftGSP,50,3,56,No,0.15000000000000002,No,No
50_SanLuisObispoValley_DraftGSP,50,3,57,Yes,1.0,Yes,No
50_SanLuisObispoValley_DraftGSP,50,3,58,No,0.15000000000000002,No,No
50_SanLuisObispoValley_DraftGSP,50,3,59,No,0.15000000000000002,No,No
50_SanLuisObispoValley_DraftGSP,50,3,60,Somewhat,0.25,No,Somewhat
50_SanLuisObispoValley_DraftGSP,50,3,61,No,0.15000000000000002,No,No
50_SanLuisObispoValley_DraftGSP,50,3,62,Yes,1.0,Yes,Yes
50_SanLuisObispoValley_DraftGSP,50,3,63,Yes,1.0,Yes,Somewhat
50_SanLuisObispoValley_DraftGSP,50,3,64,Yes,1.0,Yes,Somewhat
50_SanLuisObispoValley_DraftGSP,50,3,65,Yes,1.0,Yes,Somewhat
50_SanLuisObispoValley_DraftGSP,50,3,66,No,0.15000000000000002,No,No
50_SanLuisObispoValley_DraftGSP,50,3,67,No,0.15000000000000002,No,No
50_SanLuisObispoValley_DraftGSP,50,3,68,Somewhat,0.25,No,No
50_SanLuisObispoValley_DraftGSP,50,3,70,Somewhat,0.25,No,Somewhat
50_SanLuisObispoValley_DraftGSP,50,4,1,Somewhat,0.25,No,Yes
50_SanLuisObispoValley_DraftGSP,50,4,3,Yes,1.0,Yes,Somewhat
50_SanLuisObispoValley_DraftGSP,50,4,4,Somewhat,0.25,No,Yes
50_SanLuisObispoValley_DraftGSP,50,4,5,Somewhat,0.25,No,Somewhat
50_SanLuisObispoValley_DraftGSP,50,4,6,Somewhat,0.25,No,Somewhat
50_SanLuisObispoValley_DraftGSP,50,4,7,Yes,1.0,Yes,Yes
50_SanLuisObispoValley_DraftGSP,50,4,14,No,0.15000000000000002,No,Somewhat
50_SanLuisObispoValley_DraftGSP,50,4,17,Yes,1.0,Yes,Yes
50_SanLuisObispoValley_DraftGSP,50,4,18,Yes,1.0,Yes,Yes
50_SanLuisObispoValley_DraftGSP,50,4,22,Yes,1.0,Yes,Somewhat
50_SanLuisObispoValley_DraftGSP,50,4,24,Yes,1.0,Yes,No
50_SanLuisObispoValley_DraftGSP,50,4,25,Somewhat,0.25,No,No
50_SanLuisObispoValley_DraftGSP,50,4,28,Yes,1.0,Yes,Somewhat
50_SanLuisObispoValley_DraftGSP,50,4,29,No,0.15000000000000002,No,Not Applicable
50_SanLuisObispoValley_DraftGSP,50,4,30,Yes,1.0,Yes,Yes
50_SanLuisObispoValley_DraftGSP,50,4,31,No,0.15000000000000002,No,No
50_SanLuisObispoValley_DraftGSP,50,4,32,Yes,1.0,Yes,Yes
50_SanLuisObispoValley_DraftGSP,50,4,33,Yes,1.0,Yes,Yes
50_SanLuisObispoValley_DraftGSP,50,4,34,No,0.15000000000000002,No,Yes
50_SanLuisObispoValley_DraftGSP,50,4,36,No,0.15000000000000002,No,No
50_SanLuisObispoValley_DraftGSP,50,4,37,Yes,1.0,Yes,Somewhat
50_SanLuisObispoValley_DraftGSP,50,4,40,No,0.15000000000000002,No,Somewhat
50_SanLuisObispoValley_DraftGSP,50,4,41,Yes,1.0,Yes,Somewhat
50_SanLuisObispoValley_DraftGSP,50,4,42,Yes,1.0,Yes,No
50_SanLuisObispoValley_DraftGSP,50,4,43,Somewhat,0.25,No,Yes
50_SanLuisObispoValley_DraftGSP,50,4,44,No,0.15000000000000002,No,No
50_SanLuisObispoValley_DraftGSP,50,4,45,No,0.15000000000000002,No,No
50_SanLuisObispoValley_DraftGSP,50,4,46,Somewhat,0.25,No,Somewhat
50_SanLuisObispoValley_DraftGSP,50,4,47,Yes,1.0,Yes,No
50_SanLuisObispoValley_DraftGSP,50,4,48,No,0.15000000000000002,No,No
50_SanLuisObispoValley_DraftGSP,50,4,49,No,0.15000000000000002,No,No
50_SanLuisObispoValley_DraftGSP,50,4,50,Somewhat,0.25,No,No
50_SanLuisObispoValley_DraftGSP,50,4,51,Somewhat,0.25,No,Somewhat
50_SanLuisObispoValley_DraftGSP,50,4,52,Somewhat,0.25,No,No
50_SanLuisObispoValley_DraftGSP,50,4,53,Yes,1.0,Yes,Yes
50_SanLuisObispoValley_DraftGSP,50,4,54,Somewhat,0.25,No,Somewhat
50_SanLuisObispoValley_DraftGSP,50,4,55,Yes,1.0,Yes,Yes
50_SanLuisObispoValley_DraftGSP,50,4,56,No,0.15000000000000002,No,No
50_SanLuisObispoValley_DraftGSP,50,4,57,Yes,1.0,Yes,No
50_SanLuisObispoValley_DraftGSP,50,4,58,No,0.15000000000000002,No,No
50_SanLuisObispoValley_DraftGSP,50,4,59,No,0.15000000000000002,No,No
50_SanLuisObispoValley_DraftGSP,50,4,60,Somewhat,0.25,No,Somewhat
50_SanLuisObispoValley_DraftGSP,50,4,61,No,0.15000000000000002,No,No
50_SanLuisObispoValley_DraftGSP,50,4,62,Yes,1.0,Yes,Yes
50_SanLuisObispoValley_DraftGSP,50,4,63,Somewhat,0.25,No,Somewhat
50_SanLuisObispoValley_DraftGSP,50,4,64,Yes,1.0,Yes,Somewhat
50_SanLuisObispoValley_DraftGSP,50,4,65,Yes,1.0,Yes,Somewhat
50_SanLuisObispoValley_DraftGSP,50,4,66,No,0.15000000000000002,No,No
50_SanLuisObispoValley_DraftGSP,50,4,67,No,0.15000000000000002,No,No
50_SanLuisObispoValley_DraftGSP,50,4,68,Somewhat,0.25,No,No
50_SanLuisObispoValley_DraftGSP,50,4,70,Somewhat,0.25,No,Somewhat
50_SanLuisObispoValley_DraftGSP,50,5,1,Somewhat,0.25,No,Yes
50_SanLuisObispoValley_DraftGSP,50,5,3,Yes,1.0,Yes,Somewhat
50_SanLuisObispoValley_DraftGSP,50,5,4,Somewhat,0.25,No,Yes
50_SanLuisObispoValley_DraftGSP,50,5,5,Somewhat,0.25,No,Somewhat
50_SanLuisObispoValley_DraftGSP,50,5,6,Somewhat,0.25,No,Somewhat
50_SanLuisObispoValley_DraftGSP,50,5,7,Yes,1.0,Yes,Yes
50_SanLuisObispoValley_DraftGSP,50,5,14,No,0.15000000000000002,No,Somewhat
50_SanLuisObispoValley_DraftGSP,50,5,17,Yes,1.0,Yes,Yes
50_SanLuisObispoValley_DraftGSP,50,5,18,Yes,1.0,Yes,Yes
50_SanLuisObispoValley_DraftGSP,50,5,22,Yes,1.0,Yes,Somewhat
50_SanLuisObispoValley_DraftGSP,50,5,24,Yes,1.0,Yes,No
50_SanLuisObispoValley_DraftGSP,50,5,25,No,0.15000000000000002,No,No
50_SanLuisObispoValley_DraftGSP,50,5,28,Yes,1.0,Yes,Somewhat
50_SanLuisObispoValley_DraftGSP,50,5,29,No,0.15000000000000002,No,Not Applicable
50_SanLuisObispoValley_DraftGSP,50,5,30,Yes,1.0,Yes,Yes
50_SanLuisObispoValley_DraftGSP,50,5,31,No,0.15000000000000002,No,No
50_SanLuisObispoValley_DraftGSP,50,5,32,Yes,1.0,Yes,Yes
50_SanLuisObispoValley_DraftGSP,50,5,33,Yes,1.0,Yes,Yes
50_SanLuisObispoValley_DraftGSP,50,5,34,No,0.15000000000000002,No,Yes
50_SanLuisObispoValley_DraftGSP,50,5,36,No,0.15000000000000002,No,No
50_SanLuisObispoValley_DraftGSP,50,5,37,Yes,1.0,Yes,Somewhat
50_SanLuisObispoValley_DraftGSP,50,5,40,No,0.15000000000000002,No,Somewhat
50_SanLuisObispoValley_DraftGSP,50,5,41,Yes,1.0,Yes,Somewhat
50_SanLuisObispoValley_DraftGSP,50,5,42,Yes,1.0,Yes,No
50_SanLuisObispoValley_DraftGSP,50,5,43,Somewhat,0.25,No,Yes
50_SanLuisObispoValley_DraftGSP,50,5,44,No,0.15000000000000002,No,No
50_SanLuisObispoValley_DraftGSP,50,5,45,No,0.15000000000000002,No,No
50_SanLuisObispoValley_DraftGSP,50,5,46,Somewhat,0.25,No,Somewhat
50_SanLuisObispoValley_DraftGSP,50,5,47,Yes,1.0,Yes,No
50_SanLuisObispoValley_DraftGSP,50,5,48,No,0.15000000000000002,No,No
50_SanLuisObispoValley_DraftGSP,50,5,49,No,0.15000000000000002,No,No
50_SanLuisObispoValley_DraftGSP,50,5,50,Somewhat,0.25,No,No
50_SanLuisObispoValley_DraftGSP,50,5,51,Somewhat,0.25,No,Somewhat
50_SanLuisObispoValley_DraftGSP,50,5,52,Somewhat,0.25,No,No
50_SanLuisObispoValley_DraftGSP,50,5,53,Yes,1.0,Yes,Yes
50_SanLuisObispoValley_DraftGSP,50,5,54,Somewhat,0.25,No,Somewhat
50_SanLuisObispoValley_DraftGSP,50,5,55,Somewhat,0.25,No,Yes
50_SanLuisObispoValley_DraftGSP,50,5,56,No,0.15000000000000002,No,No
50_SanLuisObispoValley_DraftGSP,50,5,57,Yes,1.0,Yes,No
50_SanLuisObispoValley_DraftGSP,50,5,58,No,0.15000000000000002,No,No
50_SanLuisObispoValley_DraftGSP,50,5,59,No,0.15000000000000002,No,No
50_SanLuisObispoValley_DraftGSP,50,5,60,Somewhat,0.25,No,Somewhat
50_SanLuisObispoValley_DraftGSP,50,5,61,No,0.15000000000000002,No,No
50_SanLuisObispoValley_DraftGSP,50,5,62,Yes,1.0,Yes,Yes
50_SanLuisObispoValley_DraftGSP,50,5,63,Yes,1.0,Yes,Somewhat
50_SanLuisObispoValley_DraftGSP,50,5,64,Yes,1.0,Yes,Somewhat
50_SanLuisObispoValley_DraftGSP,50,5,65,Yes,1.0,Yes,Somewhat
50_SanLuisObispoValley_DraftGSP,50,5,66,No,0.15000000000000002,No,No
50_SanLuisObispoValley_DraftGSP,50,5,67,No,0.15000000000000002,No,No
50_SanLuisObispoValley_DraftGSP,50,5,68,Somewhat,0.25,No,No
50_SanLuisObispoValley_DraftGSP,50,5,70,Somewhat,0.25,No,Somewhat
